ID;Titel;Beschreibung;Google Produktkategorie;Produkttyp;Link;Bildlink;Zustand;Verfügbarkeit;Preis;Sonderangebotspreis;Marke;GTIN;mpn;Versand
3930;Die Bento Box Made in France - MB Original Holz / schwarz Onyx;Mit seinem Deckel und seinen Oberdeckel aus echten weißen Buchenholz ist das MB Original Holz DAS eindrucksvolles Geschenk zu schenken oder sich zu schenken.;Heim & Garten > Küche & Esszimmer > Essens- & Getränkebehälter;Lunchbox;https://www.monbento.de/monbento-mb-original-bento-box-holz.html;https://www.monbento.com/media/resized/532/532//media/catalog/product/m/o/monbento-mbo-bois-iso-532px.png;Neu;Auf Lager;119,90 €;;monbento;3760192685757;120002999;7,90 €
4433;Die Bento Box Made in France - MB Original Holz / rosa Litchi;Mit seinem Deckel und seinen Oberdeckel aus echten weißen Buchenholz ist das MB Original Holz DAS eindrucksvolles Geschenk zu schenken oder sich zu schenken.;Heim & Garten > Küche & Esszimmer > Essens- & Getränkebehälter;Lunchbox;https://www.monbento.de/monbento-mb-original-bento-box-holz-litchi.html;https://www.monbento.com/media/resized/532/532//media/catalog/product/b/e/bento-box-wood-pink.png;Neu;Auf Lager;119,90 €;;monbento;3760192685771;120001966;7,90 €
4746;Die Bento Box Made in France – MB Original Top Holz / blau Crystal;Erstgeborenes Produkt von monbento, das MB Original Bento ist der ideale Partner für Ihre Mahlzeiten im Büro, die Picknicke und die anderen nomadischen Mahlzeiten. Einzigartig ist sie auch durch ihr Design und ihre hochwertigen Kunststoffe, der eine nachhaltige Nutzung sicherstellt, aber auch durch ihr Soft Touch-Verarbeitung.;Heim & Garten > Küche & Esszimmer > Essens- & Getränkebehälter;Lunchbox;https://www.monbento.de/brotdose-oberdeckel-holtz-bento-monbento-mb-original-blau-crystal-top-holtz-made-in-france.html;https://www.monbento.com/media/resized/532/532//media/catalog/product/m/b/mbo-bois-crystal-iso.png;Neu;Auf Lager;68,90 €;;monbento;aucun EAN;11003985;7,90 €
4747;Die Bento Box Made in France – MB Original Top Holz / rosa Flamingo;Erstgeborenes Produkt von monbento, das MB Original Bento ist der ideale Partner für Ihre Mahlzeiten im Büro, die Picknicke und die anderen nomadischen Mahlzeiten. Einzigartig ist sie auch durch ihr Design und ihre hochwertigen Kunststoffe, der eine nachhaltige Nutzung sicherstellt, aber auch durch ihr Soft Touch-Verarbeitung.;Heim & Garten > Küche & Esszimmer > Essens- & Getränkebehälter;Lunchbox;https://www.monbento.de/brotdose-oberdeckel-holtz-bento-monbento-mb-original-rosa-flamingo-top-holtz-made-in-france.html;https://www.monbento.com/media/resized/532/532//media/catalog/product/m/b/mbo-bois-flamingo-iso.png;Neu;Auf Lager;68,90 €;;monbento;aucun EAN;11003986;7,90 €
4730;Die Bento Box Made in France – MB Original graphic Ginkgo;Erstgeborenes Produkt von monbento, das MB Original Bento ist der ideale Partner für Ihre Mahlzeiten im Büro, die Picknicke und die anderen nomadischen Mahlzeiten. Einzigartig ist sie auch durch ihr Design und ihre hochwertigen Kunststoffe, der eine nachhaltige Nutzung sicherstellt, aber auch durch ihr Soft Touch-Verarbeitung.;Heim & Garten > Küche & Esszimmer > Essens- & Getränkebehälter;Lunchbox;https://www.monbento.de/bento-box-monbento-mb-original-ginkgo-japanische-muster-rosa-in-france.html;https://www.monbento.com/media/resized/532/532//media/catalog/product/m/b/mbo-spring-ginkgo-iso.png;Neu;Auf Lager;39,90 €;;monbento;3760192687058;11124016;7,90 €
4731;Die Bento Box Made in France – MB Original graphic Neko;Erstgeborenes Produkt von monbento, das MB Original Bento ist der ideale Partner für Ihre Mahlzeiten im Büro, die Picknicke und die anderen nomadischen Mahlzeiten. Einzigartig ist sie auch durch ihr Design und ihre hochwertigen Kunststoffe, der eine nachhaltige Nutzung sicherstellt, aber auch durch ihr Soft Touch-Verarbeitung.;Heim & Garten > Küche & Esszimmer > Essens- & Getränkebehälter;Lunchbox;https://www.monbento.de/bento-box-monbento-mb-original-maneki-neko-japanische-muster-katze-rot-made-in-france.html;https://www.monbento.com/media/resized/532/532//media/catalog/product/m/b/mbo-spring-neko-iso.png;Neu;Auf Lager;39,90 €;;monbento;3760192687065;11124017;7,90 €
4677;Die Bento Box Made in France – Die Bento Box Made in France - MB Original graphic Romantic;Erstgeborenes Produkt von monbento, das MB Original Bento ist der ideale Partner für Ihre Mahlzeiten im Büro, die Picknicke und die anderen nomadischen Mahlzeiten. Einzigartig ist sie auch durch ihr Design und ihre hochwertigen Kunststoffe, der eine nachhaltige Nutzung sicherstellt, aber auch durch ihr Soft Touch-Verarbeitung.;Heim & Garten > Küche & Esszimmer > Essens- & Getränkebehälter;Lunchbox;https://www.monbento.de/valentinstag-geschenkidee-bento-box-blumen.html;https://www.monbento.com/media/resized/532/532//media/catalog/product/m/b/mbo-stvalentin2020-iso.png;Neu;Auf Lager;39,90 €;;monbento;3760192686938;11128004;7,90 €
4647;Die Bento Box Made in France – Die Bento Box Made in France - MB Original graphic Strawberry;Erstgeborenes Produkt von monbento, das MB Original Bento ist der ideale Partner für Ihre Mahlzeiten im Büro, die Picknicke und die anderen nomadischen Mahlzeiten. Einzigartig ist sie auch durch ihr Design und ihre hochwertigen Kunststoffe, der eine nachhaltige Nutzung sicherstellt, aber auch durch ihr Soft Touch-Verarbeitung.;Heim & Garten > Küche & Esszimmer > Essens- & Getränkebehälter;Lunchbox;https://www.monbento.de/bento-box-monbento-mb-original-graphic-strawberry-bento-erdbeere-made-in-france.html;https://www.monbento.com/media/resized/532/532//media/catalog/product/m/b/mbo-star-edition-strawberry-iso.png;Neu;Auf Lager;39,90 €;;monbento;3760192686419;11124013;7,90 €
4334;Die Bento Box Made in France - MB Original graphic Jungle;Erstgeborenes Produkt von monbento, das MB Original Bento ist der ideale Partner für Ihre Mahlzeiten im Büro, die Picknicke und die anderen nomadischen Mahlzeiten. Einzigartig ist sie auch durch ihr Design und ihre hochwertigen Kunststoffe, der eine nachhaltige Nutzung sicherstellt, aber auch durch ihr Soft Touch-Verarbeitung.;Heim & Garten > Küche & Esszimmer > Essens- & Getränkebehälter;Lunchbox;https://www.monbento.de/monbento-mb-original-bento-box-jungle.html;https://www.monbento.com/media/resized/532/532//media/catalog/product/m/b/mbo-jungle-iso.png;Neu;Auf Lager;39,90 €;;monbento;3760192683777;100001430;7,90 €
4424;Die Bento Box Made in France - MB Original graphic Blossom;Erstgeborenes Produkt von monbento, das MB Original Bento ist der ideale Partner für Ihre Mahlzeiten im Büro, die Picknicke und die anderen nomadischen Mahlzeiten. Einzigartig ist sie auch durch ihr Design und ihre hochwertigen Kunststoffe, der eine nachhaltige Nutzung sicherstellt, aber auch durch ihr Soft Touch-Verarbeitung.;Heim & Garten > Küche & Esszimmer > Essens- & Getränkebehälter;Lunchbox;https://www.monbento.de/monbento-mb-original-bento-box-blossom.html;https://www.monbento.com/media/resized/532/532//media/catalog/product/m/b/mbo-blossom-iso.png;Neu;Auf Lager;39,90 €;;monbento;3760192685290;100001333;7,90 €
4643;Die Bento Box Made in France - MB Original rosa Flamingo;Erstgeborenes Produkt von monbento, das MB Original Bento ist der ideale Partner für Ihre Mahlzeiten im Büro, die Picknicke und die anderen nomadischen Mahlzeiten. Einzigartig ist sie auch durch ihr Design und ihre hochwertigen Kunststoffe, der eine nachhaltige Nutzung sicherstellt, aber auch durch ihr Soft Touch-Verarbeitung.;Heim & Garten > Küche & Esszimmer > Essens- & Getränkebehälter;Lunchbox;https://www.monbento.de/bento-box-monbento-mb-original-rosa-flamingo-made-in-france.html;https://www.monbento.com/media/resized/532/532//media/catalog/product/m/b/mbo-flamingo-iso.png;Neu;Auf Lager;37,90 €;;monbento;3760192686556;11120022;7,90 €
4644;Die Bento Box Made in France - MB Original blau Crystal;Erstgeborenes Produkt von monbento, das MB Original Bento ist der ideale Partner für Ihre Mahlzeiten im Büro, die Picknicke und die anderen nomadischen Mahlzeiten. Einzigartig ist sie auch durch ihr Design und ihre hochwertigen Kunststoffe, der eine nachhaltige Nutzung sicherstellt, aber auch durch ihr Soft Touch-Verarbeitung.;Heim & Garten > Küche & Esszimmer > Essens- & Getränkebehälter;Lunchbox;https://www.monbento.de/bento-lunch-box-monbento-mb-original-blau-crystal-made-in-france.html;https://www.monbento.com/media/resized/532/532//media/catalog/product/m/b/mbo-crystal-iso_1.png;Neu;Auf Lager;37,90 €;;monbento;3760192686549;11120018;7,90 €
4645;Die Bento Box Made in France - MB Original grün Lagoon;Erstgeborenes Produkt von monbento, das MB Original Bento ist der ideale Partner für Ihre Mahlzeiten im Büro, die Picknicke und die anderen nomadischen Mahlzeiten. Einzigartig ist sie auch durch ihr Design und ihre hochwertigen Kunststoffe, der eine nachhaltige Nutzung sicherstellt, aber auch durch ihr Soft Touch-Verarbeitung.;Heim & Garten > Küche & Esszimmer > Essens- & Getränkebehälter;Lunchbox;https://www.monbento.de/lunch-box-monbento-mb-original-grun-lagoon-made-in-france.html;https://www.monbento.com/media/resized/532/532//media/catalog/product/m/b/mbo-lagoon-iso.png;Neu;Auf Lager;37,90 €;;monbento;3760192686570;11120025;7,90 €
4646;Die Bento Box Made in France - MB Original orange Tropical;Erstgeborenes Produkt von monbento, das MB Original Bento ist der ideale Partner für Ihre Mahlzeiten im Büro, die Picknicke und die anderen nomadischen Mahlzeiten. Einzigartig ist sie auch durch ihr Design und ihre hochwertigen Kunststoffe, der eine nachhaltige Nutzung sicherstellt, aber auch durch ihr Soft Touch-Verarbeitung.;Heim & Garten > Küche & Esszimmer > Essens- & Getränkebehälter;Lunchbox;https://www.monbento.de/brotdose-bento-monbento-mb-original-orange-tropical-made-in-france.html;https://www.monbento.com/media/resized/532/532//media/catalog/product/m/b/mbo-orangetropical-iso.png;Neu;Auf Lager;37,90 €;;monbento;3760192686563;11120024;7,90 €
4099;Die Bento Box Made in France - MB Original schwarz Onyx;Erstgeborenes Produkt von monbento, das MB Original Bento ist der ideale Partner für Ihre Mahlzeiten im Büro, die Picknicke und die anderen nomadischen Mahlzeiten. Einzigartig ist sie auch durch ihr Design und ihre hochwertigen Kunststoffe, der eine nachhaltige Nutzung sicherstellt, aber auch durch ihr Soft Touch-Verarbeitung.;Heim & Garten > Küche & Esszimmer > Essens- & Getränkebehälter;Lunchbox;https://www.monbento.de/monbento-mb-original-bento-box-schwarz-4823.html;https://www.monbento.com/media/resized/532/532//media/catalog/product/m/b/mbo-black-iso_2.png;Neu;Auf Lager;37,90 €;;monbento;3760192683685;120001102;7,90 €
4107;Die Bento Box Made in France - MB Original grau Coton;Erstgeborenes Produkt von monbento, das MB Original Bento ist der ideale Partner für Ihre Mahlzeiten im Büro, die Picknicke und die anderen nomadischen Mahlzeiten. Einzigartig ist sie auch durch ihr Design und ihre hochwertigen Kunststoffe, der eine nachhaltige Nutzung sicherstellt, aber auch durch ihr Soft Touch-Verarbeitung.;Heim & Garten > Küche & Esszimmer > Essens- & Getränkebehälter;Lunchbox;https://www.monbento.de/monbento-mb-original-bento-box-coton.html;https://www.monbento.com/media/resized/532/532//media/catalog/product/m/b/mbo-coton-iso.png;Neu;Auf Lager;37,90 €;;monbento;3760192683746;120011110;7,90 €
4332;Die Bento Box Made in France - MB Original blau Denim;Erstgeborenes Produkt von monbento, das MB Original Bento ist der ideale Partner für Ihre Mahlzeiten im Büro, die Picknicke und die anderen nomadischen Mahlzeiten. Einzigartig ist sie auch durch ihr Design und ihre hochwertigen Kunststoffe, der eine nachhaltige Nutzung sicherstellt, aber auch durch ihr Soft Touch-Verarbeitung.;Heim & Garten > Küche & Esszimmer > Essens- & Getränkebehälter;Lunchbox;https://www.monbento.de/monbento-mb-original-bento-box-denim.html;https://www.monbento.com/media/resized/532/532//media/catalog/product/m/b/mbo-denim-iso.png;Neu;Auf Lager;37,90 €;;monbento;3760192684132;120001120;7,90 €
4469;Die Bento Box Made in France - MB Original rosa Blush;Erstgeborenes Produkt von monbento, das MB Original Bento ist der ideale Partner für Ihre Mahlzeiten im Büro, die Picknicke und die anderen nomadischen Mahlzeiten. Einzigartig ist sie auch durch ihr Design und ihre hochwertigen Kunststoffe, der eine nachhaltige Nutzung sicherstellt, aber auch durch ihr Soft Touch-Verarbeitung.;Heim & Garten > Küche & Esszimmer > Essens- & Getränkebehälter;Lunchbox;https://www.monbento.de/monbento-mb-original-bento-box-blush.html;https://www.monbento.com/media/resized/532/532//media/catalog/product/m/b/mbo-blush-iso.png;Neu;Auf Lager;37,90 €;;monbento;3760192685368;120001126;7,90 €
4653;Die Bento Box Made in France - MB Original Blossom 2019;Erstgeborenes Produkt von monbento, das MB Original Bento ist der ideale Partner für Ihre Mahlzeiten im Büro, die Picknicke und die anderen nomadischen Mahlzeiten. Einzigartig ist sie auch durch ihr Design und ihre hochwertigen Kunststoffe, der eine nachhaltige Nutzung sicherstellt, aber auch durch ihr Soft Touch-Verarbeitung.;Heim & Garten > Küche & Esszimmer > Essens- & Getränkebehälter;Lunchbox;https://www.monbento.de/monbento-mb-original-bento-box-blossom-2019.html;https://www.monbento.com/media/resized/532/532//media/catalog/product/m/b/mb-original-bento-box-blossom-japanese-flower-monbento.png;Neu;Auf Lager;39,90 €;;monbento;3760192685290;100001333-P;7,90 €
4104;Die Bento Box Made in France - MB Original Litchi 2019;Erstgeborenes Produkt von monbento, das MB Original Bento ist der ideale Partner für Ihre Mahlzeiten im Büro, die Picknicke und die anderen nomadischen Mahlzeiten. Einzigartig ist sie auch durch ihr Design und ihre hochwertigen Kunststoffe, der eine nachhaltige Nutzung sicherstellt, aber auch durch ihr Soft Touch-Verarbeitung.;Heim & Garten > Küche & Esszimmer > Essens- & Getränkebehälter;Lunchbox;https://www.monbento.de/monbento-mb-original-bento-box-litchi-4788.html;https://www.monbento.com/media/wysiwyg/images-flux/bento-box-monbento-lunch-box-mb-original-litchi.jpg;Neu;Auf Lager;37,90 €;;monbento;3760192683739;120011106;7,90 €
4468;Die Bento Box Made in France - MB Original Brique 2019;Erstgeborenes Produkt von monbento, das MB Original Bento ist der ideale Partner für Ihre Mahlzeiten im Büro, die Picknicke und die anderen nomadischen Mahlzeiten. Einzigartig ist sie auch durch ihr Design und ihre hochwertigen Kunststoffe, der eine nachhaltige Nutzung sicherstellt, aber auch durch ihr Soft Touch-Verarbeitung.;Heim & Garten > Küche & Esszimmer > Essens- & Getränkebehälter;Lunchbox;https://www.monbento.de/monbento-mb-original-bento-box-brique.html;https://www.monbento.com/media/resized/532/532//media/catalog/product/m/b/mb-original-bento-box-orange-brique-monbento_1.png;Neu;Auf Lager;37,90 €;;monbento;3760192685351;120001123;7,90 €
4649;Die Bento Box Made in France - MB Original Coton 2019;Erstgeborenes Produkt von monbento, das MB Original Bento ist der ideale Partner für Ihre Mahlzeiten im Büro, die Picknicke und die anderen nomadischen Mahlzeiten. Einzigartig ist sie auch durch ihr Design und ihre hochwertigen Kunststoffe, der eine nachhaltige Nutzung sicherstellt, aber auch durch ihr Soft Touch-Verarbeitung.;Heim & Garten > Küche & Esszimmer > Essens- & Getränkebehälter;Lunchbox;https://www.monbento.de/monbento-mb-original-bento-box-coton-2019.html;https://www.monbento.com/media/resized/532/532//media/catalog/product/b/e/bento-bpx-mb-original-lunch-box-coton.png;Neu;Auf Lager;37,90 €;;monbento;3760192683746;120011110-P;7,90 €
4684;Die viereckige Bento Box – MB Square graphic Jungle;Fast doppelt so groß wie das MB Original, das MB Square Bento ist fertig um der Hunger der größten Feinschmecker zu stillen! Diese Lunchbox ist nicht nur perfekt um Ihre Mahlzeiten im Büro mitzunehmen, aber auch für Ihre sommerliche Picknicke dank seiner beiden Behälter, die große Salate und komplette Sandwiches empfangen können. ;Heim & Garten > Küche & Esszimmer > Essens- & Getränkebehälter;Lunchbox;https://www.monbento.de/bento-brotbusche-monbento-mb-square-graphic-grun-jungle.html;https://www.monbento.com/media/resized/532/532//media/catalog/product/s/q/square-jungle-iso.png;Neu;Auf Lager;34,90 €;;monbento;3760192686952;13014001;7,90 €
4674;Die viereckige Bento Box - MB Square graphic Blossom;Fast doppelt so groß wie das MB Original, das MB Square Bento ist fertig um der Hunger der größten Feinschmecker zu stillen! Diese Lunchbox ist nicht nur perfekt um Ihre Mahlzeiten im Büro mitzunehmen, aber auch für Ihre sommerliche Picknicke dank seiner beiden Behälter, die große Salate und komplette Sandwiches empfangen können. ;Heim & Garten > Küche & Esszimmer > Essens- & Getränkebehälter;Lunchbox;https://www.monbento.de/lunchbox-brotdose-monbento-mb-square-graphic-blumen-blossom.html;https://www.monbento.com/media/resized/532/532//media/catalog/product/s/q/square-blossom-iso.png;Neu;Auf Lager;34,90 €;;monbento;3760192686648;13014002;7,90 €
3484;Die viereckige Bento Box - MB Square schwarz;Fast doppelt so groß wie das MB Original, das MB Square Bento ist fertig um der Hunger der größten Feinschmecker zu stillen! Diese Lunchbox ist nicht nur perfekt um Ihre Mahlzeiten im Büro mitzunehmen, aber auch für Ihre sommerliche Picknicke dank seiner beiden Behälter, die große Salate und komplette Sandwiches empfangen können. ;Heim & Garten > Küche & Esszimmer > Essens- & Getränkebehälter;Lunchbox;https://www.monbento.de/mb-square-schwarz-quadratische-bento-box.html;https://www.monbento.com/media/resized/532/532//media/catalog/product/m/o/monbento-grande-boite-bento-mb-square-noire.png;Neu;Auf Lager;29,90 €;;monbento;3760192681933;120003002;7,90 €
4328;Die viereckige Bento Box - MB Square Denim;Fast doppelt so groß wie das MB Original, das MB Square Bento ist fertig um der Hunger der größten Feinschmecker zu stillen! Diese Lunchbox ist nicht nur perfekt um Ihre Mahlzeiten im Büro mitzunehmen, aber auch für Ihre sommerliche Picknicke dank seiner beiden Behälter, die große Salate und komplette Sandwiches empfangen können. ;Heim & Garten > Küche & Esszimmer > Essens- & Getränkebehälter;Lunchbox;https://www.monbento.de/bento-box-mb-square-denim.html;https://www.monbento.com/media/resized/532/532//media/catalog/product/m/o/monbento-large-bento-mb-square-denim-blue-bleu-azul-blau-blu.png;Neu;Auf Lager;29,90 €;;monbento;3760192684156;120003020;7,90 €
4472;Die viereckige Bento Box -  MB Square Blush rosa;Fast doppelt so groß wie das MB Original, das MB Square Bento ist fertig um der Hunger der größten Feinschmecker zu stillen! Diese Lunchbox ist nicht nur perfekt um Ihre Mahlzeiten im Büro mitzunehmen, aber auch für Ihre sommerliche Picknicke dank seiner beiden Behälter, die große Salate und komplette Sandwiches empfangen können. ;Heim & Garten > Küche & Esszimmer > Essens- & Getränkebehälter;Lunchbox;https://www.monbento.de/bento-box-mb-square-rosa-blush.html;https://www.monbento.com/media/resized/532/532//media/catalog/product/l/a/large-bento-box-pink-mb-square-blush-monbento.png;Neu;Auf Lager;29,90 €;;monbento;3760192685436;120003126;7,90 €
3988;Die viereckige Bento Box - MB Square Litchi;Fast doppelt so groß wie das MB Original, das MB Square Bento ist fertig um der Hunger der größten Feinschmecker zu stillen! Diese Lunchbox ist nicht nur perfekt um Ihre Mahlzeiten im Büro mitzunehmen, aber auch für Ihre sommerliche Picknicke dank seiner beiden Behälter, die große Salate und komplette Sandwiches empfangen können. ;Heim & Garten > Küche & Esszimmer > Essens- & Getränkebehälter;Lunchbox;https://www.monbento.de/bento-box-mb-square-litchi-rosa.html;https://www.monbento.com/media/resized/532/532//media/catalog/product/m/o/monbento-grande-boite-bento-mb-square-rose-litchi.png;Neu;Auf Lager;29,90 €;;monbento;3760192683371;120003066;7,90 €
4097;Die viereckige Bento Box - MB Square Coton;Fast doppelt so groß wie das MB Original, das MB Square Bento ist fertig um der Hunger der größten Feinschmecker zu stillen! Diese Lunchbox ist nicht nur perfekt um Ihre Mahlzeiten im Büro mitzunehmen, aber auch für Ihre sommerliche Picknicke dank seiner beiden Behälter, die große Salate und komplette Sandwiches empfangen können. ;Heim & Garten > Küche & Esszimmer > Essens- & Getränkebehälter;Lunchbox;https://www.monbento.de/bento-box-mb-square-coton.html;https://www.monbento.com/media/resized/532/532//media/catalog/product/m/o/monbento-bento-mb-square-coton-lunch-box.png;Neu;Auf Lager;29,90 €;;monbento;3760192683678;120013110;7,90 €
3486;Die viereckige Bento Box - MB Square grau Meteorite;Fast doppelt so groß wie das MB Original, das MB Square Bento ist fertig um der Hunger der größten Feinschmecker zu stillen! Diese Lunchbox ist nicht nur perfekt um Ihre Mahlzeiten im Büro mitzunehmen, aber auch für Ihre sommerliche Picknicke dank seiner beiden Behälter, die große Salate und komplette Sandwiches empfangen können. ;Heim & Garten > Küche & Esszimmer > Essens- & Getränkebehälter;Lunchbox;https://www.monbento.de/mb-square-grau-quadratische-bento-box.html;https://www.monbento.com/media/resized/532/532//media/catalog/product/m/o/monbento-grande-boite-bento-mb-square-gris.png;Neu;Auf Lager;29,90 €;;monbento;3760192682510;120003010;7,90 €
3615;Die isotherm lunchbox - MB Element Silver;Kein Bedarf mehr für Kühlschrank oder Mikrowelle: der bento MB Element hält Ihr Essen warm oder kalt für bis zu 5 Stunden! Hermetisch und leicht zu transportieren, diese isothermische Lunchbox begleitet Sie bei all Ihren Abenteuern!;Heim & Garten > Küche & Esszimmer > Essens- & Getränkebehälter;Lunchbox;https://www.monbento.de/isotherme-bento-monbento-mb-element-silver.html;https://www.monbento.com/media/resized/532/532//media/catalog/product/i/n/insulated-bento-lunch-box-isotherme.png;Neu;Auf Lager;45,00 €;;monbento;3760192682923;400001000;7,90 €
4338;Die isotherm lunchbox – MB Element schwarz Onyx;Kein Bedarf mehr für Kühlschrank oder Mikrowelle: der bento MB Element hält Ihr Essen warm oder kalt für bis zu 5 Stunden! Hermetisch und leicht zu transportieren, diese isothermische Lunchbox begleitet Sie bei all Ihren Abenteuern!;Heim & Garten > Küche & Esszimmer > Essens- & Getränkebehälter;Lunchbox;https://www.monbento.de/isotherme-bento-monbento-mb-element-onyx-4704.html;https://www.monbento.com/media/resized/532/532//media/catalog/product/m/o/monbento-insulated-isotherme-lunch-box-bento.png;Neu;Auf Lager;45,00 €;;monbento;3760192682930;400001002;7,90 €
4419;Die isotherm lunchbox - MB Element Litchi;Kein Bedarf mehr für Kühlschrank oder Mikrowelle: der bento MB Element hält Ihr Essen warm oder kalt für bis zu 5 Stunden! Hermetisch und leicht zu transportieren, diese isothermische Lunchbox begleitet Sie bei all Ihren Abenteuern!;Heim & Garten > Küche & Esszimmer > Essens- & Getränkebehälter;Lunchbox;https://www.monbento.de/isotherme-bento-monbento-mb-element-litchi.html;https://www.monbento.com/media/wysiwyg/images-flux/monbento-insulated-isotherme-lunch-box-bento-crepe-pink-rose-rosa.jpg;Neu;Auf Lager;45,00 €;;monbento;3760192685207;25024002;7,90 €
4678;Die kleine isotherme Bento Box - MB Capsule graphic Blossom;"

Kleine Köstlichkeiten unter allen Umständen zu genießen - salzige oder süße Snacks, komplette Vorspeisen, Gourmet-Desserts – das ist heute ein erfüllter Wunsch.

Mit ihrem an kleine Portionen angepassten Format, je nach Inhalt und Einsatzbedingungen bis zu 5 Stunden warm oder kalt bleibend, ist die MB Capsule der perfekte Verbündete für alle Snacks und kleine Mahlzeiten!";Heim & Garten > Küche & Esszimmer > Essens- & Getränkebehälter;Lunchbox;https://www.monbento.de/kleine-isotherme-bento-box-monbento-mb-capsule-blumen-blossom.html;https://www.monbento.com/media/resized/532/532//media/catalog/product/c/a/capsule-face-532px.png;Neu;Auf Lager;29,90 €;;monbento;3760192686754;400003102;7,90 €
4612;Die kleine isotherme Bento Box - MB Capsule graphic Jungle;"

Kleine Köstlichkeiten unter allen Umständen zu genießen - salzige oder süße Snacks, komplette Vorspeisen, Gourmet-Desserts – das ist heute ein erfüllter Wunsch.

Mit ihrem an kleine Portionen angepassten Format, je nach Inhalt und Einsatzbedingungen bis zu 5 Stunden warm oder kalt bleibend, ist die MB Capsule der perfekte Verbündete für alle Snacks und kleine Mahlzeiten!";Heim & Garten > Küche & Esszimmer > Essens- & Getränkebehälter;Lunchbox;https://www.monbento.de/kleine-isotherme-bento-box-mb-capsule-jungle.html;https://www.monbento.com/media/resized/532/532//media/catalog/product/c/a/capsule-jungle-face.png;Neu;Auf Lager;29,90 €;;monbento;3760192686402;28010026;7,90 €
4639;Die doppelwandige Schale - MB Lib Blush;Revolution! Nehmen Sie Ihre Suppe wo Sie wollen ohne Unfallrisiko mit! Dank seines Deckels, der mit einem großen Gewinde und eine Silikondichtung gesichert ist, ist die MB Lib Schale 100% hermetisch! Eine gute Lösung, um die Abwechslung zu variieren, wenn man im Büro isst. Und hier ist eine gute Nachricht für die Naschkatze, die vor allem Süßes lieben: Müsli und verschiedene süße Getränke können ebenfalls in der MB Lib Schale transportiert werden!;Heim & Garten > Küche & Esszimmer > Essens- & Getränkebehälter;Lunchbox;https://www.monbento.de/suppenschussel-schale-mit-deckel-suppe-monbento-mb-lib-rosa-blush.html;https://www.monbento.com/media/resized/532/532//media/catalog/product/l/i/lib-blush-ferme-iso.png;Neu;Auf Lager;19,90 €;;monbento;3760192686655;28010026;7,90 €
3493;Die doppelwandige Schale - MB Lib schwarz;Revolution! Nehmen Sie Ihre Suppe wo Sie wollen ohne Unfallrisiko mit! Dank seines Deckels, der mit einem großen Gewinde und eine Silikondichtung gesichert ist, ist die MB Lib Schale 100% hermetisch! Eine gute Lösung, um die Abwechslung zu variieren, wenn man im Büro isst. Und hier ist eine gute Nachricht für die Naschkatze, die vor allem Süßes lieben: Müsli und verschiedene süße Getränke können ebenfalls in der MB Lib Schale transportiert werden!;Heim & Garten > Küche & Esszimmer > Essens- & Getränkebehälter;Lunchbox;https://www.monbento.de/mb-lib-schwarz-schale.html;https://www.monbento.com/media/resized/532/532//media/catalog/product/m/o/monbento-mb-lib-bowl-soup-bol-scodella-schale-black_1.png;Neu;Auf Lager;19,90 €;;monbento;3760192682084;101103002;7,90 €
4630;Das Bento für Kinder - MB Tresor graphic Bunny;"In der Schule, im Sport, im Freien oder im Kindergarten: Die Kinder können jetzt auch essen wo sie wollen dank der MB Tresor Bento Box. Diese Lunchbox für Kinder ist speziell für die kleinen Feinschmecker gestaltet; Sie ermöglicht ihnen, gute und komplette Mahlzeiten alleine zu schützen, mitzunehmen, und zu essen. Außerdem kann sie personalisiert sein!";Heim & Garten > Küche & Esszimmer > Essens- & Getränkebehälter;Lunchbox;https://www.monbento.de/lunchbox-kinder-bento-box-kinder-monbento-mb-tresor-lunchbox-kaninchen-bunny.html;https://www.monbento.com/media/resized/532/532//media/catalog/product/t/r/tresor-bunny-iso_2.png;Neu;Auf Lager;23,90 €;;monbento;3760192686761;17014012;7,90 €
4631;Das Bento für Kinder - MB Tresor Blush;"In der Schule, im Sport, im Freien oder im Kindergarten: Die Kinder können jetzt auch essen wo sie wollen dank der MB Tresor Bento Box. Diese Lunchbox für Kinder ist speziell für die kleinen Feinschmecker gestaltet; Sie ermöglicht ihnen, gute und komplette Mahlzeiten alleine zu schützen, mitzunehmen, und zu essen. Außerdem kann sie personalisiert sein!";Heim & Garten > Küche & Esszimmer > Essens- & Getränkebehälter;Lunchbox;https://www.monbento.de/lunchboxen-kinder-brotdose-kindergarten-monbento-mb-tresor-rosa-blush.html;https://www.monbento.com/media/resized/532/532//media/catalog/product/t/r/tresor-blush-iso_2.png;Neu;Auf Lager;19,90 €;;monbento;3760192686709;17010029;7,90 €
4632;Das Bento für Kinder - MB Tresor Infinity;"In der Schule, im Sport, im Freien oder im Kindergarten: Die Kinder können jetzt auch essen wo sie wollen dank der MB Tresor Bento Box. Diese Lunchbox für Kinder ist speziell für die kleinen Feinschmecker gestaltet; Sie ermöglicht ihnen, gute und komplette Mahlzeiten alleine zu schützen, mitzunehmen, und zu essen. Außerdem kann sie personalisiert sein!";Heim & Garten > Küche & Esszimmer > Essens- & Getränkebehälter;Lunchbox;https://www.monbento.de/lunchbox-kinder-bento-box-kinder-monbento-mb-tresor-blau-infinity.html;https://www.monbento.com/media/resized/532/532//media/catalog/product/t/r/tresor-infinity-iso.png;Neu;Auf Lager;19,90 €;;monbento;3760192686693;17010028;7,90 €
4321;Das Bento für Kinder - MB Tresor Moutarde;"In der Schule, im Sport, im Freien oder im Kindergarten: Die Kinder können jetzt auch essen wo sie wollen dank der MB Tresor Bento Box. Diese Lunchbox für Kinder ist speziell für die kleinen Feinschmecker gestaltet; Sie ermöglicht ihnen, gute und komplette Mahlzeiten alleine zu schützen, mitzunehmen, und zu essen. Außerdem kann sie personalisiert sein!";Heim & Garten > Küche & Esszimmer > Essens- & Getränkebehälter;Lunchbox;https://www.monbento.de/bento-kinder-mb-tresor-moutarde.html;https://www.monbento.com/media/resized/532/532//media/catalog/product/m/o/monbento-bento-kids-enfant-children-bambini-ninos-kinder-moutarde_2.png;Neu;Auf Lager;19,90 €;;monbento;3760192684255;300001021;7,90 €
3992;Das Bento für Kinder - MB Tresor Iceberg;"In der Schule, im Sport, im Freien oder im Kindergarten: Die Kinder können jetzt auch essen wo sie wollen dank der MB Tresor Bento Box. Diese Lunchbox für Kinder ist speziell für die kleinen Feinschmecker gestaltet; Sie ermöglicht ihnen, gute und komplette Mahlzeiten alleine zu schützen, mitzunehmen, und zu essen. Außerdem kann sie personalisiert sein!";Heim & Garten > Küche & Esszimmer > Essens- & Getränkebehälter;Lunchbox;https://www.monbento.de/bento-kinder-mb-tresor-iceberg.html;https://www.monbento.com/media/resized/532/532//media/catalog/product/m/o/monbento-lunch-box-boite-bento-enfants-mb-tresor-iceberg-bleu.png;Neu;Auf Lager;19,90 €;;monbento;3760192683531;300001119;7,90 €
3991;Das Bento für Kinder - MB Tresor Litchi;"In der Schule, im Sport, im Freien oder im Kindergarten: Die Kinder können jetzt auch essen wo sie wollen dank der MB Tresor Bento Box. Diese Lunchbox für Kinder ist speziell für die kleinen Feinschmecker gestaltet; Sie ermöglicht ihnen, gute und komplette Mahlzeiten alleine zu schützen, mitzunehmen, und zu essen. Außerdem kann sie personalisiert sein!";Heim & Garten > Küche & Esszimmer > Essens- & Getränkebehälter;Lunchbox;https://www.monbento.de/bento-kinder-mb-tresor-litchi.html;https://www.monbento.com/media/resized/532/532//media/catalog/product/m/o/monbento-lunch-box-boite-bento-enfants-mb-tresor-litchi-rose.png;Neu;Auf Lager;19,90 €;;monbento;3760192683524;300001166;7,90 €
4479;Das Bento für Kinder - MB Tresor Apple;"In der Schule, im Sport, im Freien oder im Kindergarten: Die Kinder können jetzt auch essen wo sie wollen dank der MB Tresor Bento Box. Diese Lunchbox für Kinder ist speziell für die kleinen Feinschmecker gestaltet; Sie ermöglicht ihnen, gute und komplette Mahlzeiten alleine zu schützen, mitzunehmen, und zu essen. Außerdem kann sie personalisiert sein!";Heim & Garten > Küche & Esszimmer > Essens- & Getränkebehälter;Lunchbox;https://www.monbento.de/bento-kinder-mb-tresor-grun-apple.html;https://www.monbento.com/media/resized/532/532//media/catalog/product/b/e/bento-kids-mb-tresor-green-apple.png;Neu;Auf Lager;19,90 €;;monbento;3760192685542;300001255;7,90 €
4638;Die Snack Box - MB Gram Blush;"Sie haben Hunger? Was gibt es besseres, als eine in seiner Tasche geschlüpften Snackbehälter um eine gute und komplette Zwischenmahlzeit zu schützen und mitzunehmen?
Die kompakte und belastbare MB Gram Snackbox ist die starke Partnerin von kleinen und großen Kinder, die der Feinschmeckerpausen nicht widerstehen!
Außerdem kann sie personalisiert sein! Es ist vorbei mit den unglücklicherweise ausgetauschten Snacks in der Aula der Schule, während der Pause, beim Sport oder im Büro!";Heim & Garten > Küche & Esszimmer > Essens- & Getränkebehälter;Snackbox;https://www.monbento.de/snack-behalter-kinder-monbento-mb-gram-rosa-blush.html;https://www.monbento.com/media/resized/532/532//media/catalog/product/g/r/gram-blush-pers.png;Neu;Auf Lager;14,90 €;;monbento;3760192686723;16010029;7,90 €
4637;Die Snack Box - MB Gram Infinity;"Sie haben Hunger? Was gibt es besseres, als eine in seiner Tasche geschlüpften Snackbehälter um eine gute und komplette Zwischenmahlzeit zu schützen und mitzunehmen?
Die kompakte und belastbare MB Gram Snackbox ist die starke Partnerin von kleinen und großen Kinder, die der Feinschmeckerpausen nicht widerstehen!
Außerdem kann sie personalisiert sein! Es ist vorbei mit den unglücklicherweise ausgetauschten Snacks in der Aula der Schule, während der Pause, beim Sport oder im Büro!";Heim & Garten > Küche & Esszimmer > Essens- & Getränkebehälter;Snackbox;https://www.monbento.de/snack-behalter-kinder-monbento-mb-gram-blau-infinity.html;https://www.monbento.com/media/resized/532/532//media/catalog/product/g/r/gram-bleuinfinity-pers.png;Neu;Auf Lager;14,90 €;;monbento;3760192686716;16010028;7,90 €
4322;Die Snack Box - MB Gram Moutarde;"Sie haben Hunger? Was gibt es besseres, als eine in seiner Tasche geschlüpften Snackbehälter um eine gute und komplette Zwischenmahlzeit zu schützen und mitzunehmen?
Die kompakte und belastbare MB Gram Snackbox ist die starke Partnerin von kleinen und großen Kinder, die der Feinschmeckerpausen nicht widerstehen!
Außerdem kann sie personalisiert sein! Es ist vorbei mit den unglücklicherweise ausgetauschten Snacks in der Aula der Schule, während der Pause, beim Sport oder im Büro!";Heim & Garten > Küche & Esszimmer > Essens- & Getränkebehälter;Snackbox;https://www.monbento.de/snackbox-mb-gram-moutarde.html;https://www.monbento.com/media/resized/532/532//media/catalog/product/m/o/monbento-mb-gram-jaune-yellow-giallo-amarillo-gelb_1.png;Neu;Auf Lager;14,90 €;;monbento;3760192684309;300002021;7,90 €
3993;Die Snack Box - MB Gram Litchi;"Sie haben Hunger? Was gibt es besseres, als eine in seiner Tasche geschlüpften Snackbehälter um eine gute und komplette Zwischenmahlzeit zu schützen und mitzunehmen?
Die kompakte und belastbare MB Gram Snackbox ist die starke Partnerin von kleinen und großen Kinder, die der Feinschmeckerpausen nicht widerstehen!
Außerdem kann sie personalisiert sein! Es ist vorbei mit den unglücklicherweise ausgetauschten Snacks in der Aula der Schule, während der Pause, beim Sport oder im Büro!";Heim & Garten > Küche & Esszimmer > Essens- & Getränkebehälter;Snackbox;https://www.monbento.de/snackbox-mb-gram-litchi.html;https://www.monbento.com/media/wysiwyg/images-flux/monbento-boite-gouter-sans-bpa-mb-gram-litchi-rose.jpg;Neu;Auf Lager;14,90 €;;monbento;3760192683555;300002166;7,90 €
4480;Die Snack Box - MB Gram Apple;"Sie haben Hunger? Was gibt es besseres, als eine in seiner Tasche geschlüpften Snackbehälter um eine gute und komplette Zwischenmahlzeit zu schützen und mitzunehmen?
Die kompakte und belastbare MB Gram Snackbox ist die starke Partnerin von kleinen und großen Kinder, die der Feinschmeckerpausen nicht widerstehen!
Außerdem kann sie personalisiert sein! Es ist vorbei mit den unglücklicherweise ausgetauschten Snacks in der Aula der Schule, während der Pause, beim Sport oder im Büro!";Heim & Garten > Küche & Esszimmer > Essens- & Getränkebehälter;Snackbox;https://www.monbento.de/snackbox-mb-gram-grun-apple.html;https://www.monbento.com/media/wysiwyg/images-flux/snack-box-kids-green-mb-gram-apple-monbento.jpg;Neu;Auf Lager;14,90 €;;monbento;3760192685559;300002255;7,90 €
3994;Die Snack Box - MB Gram Iceberg ;"Sie haben Hunger? Was gibt es besseres, als eine in seiner Tasche geschlüpften Snackbehälter um eine gute und komplette Zwischenmahlzeit zu schützen und mitzunehmen?
Die kompakte und belastbare MB Gram Snackbox ist die starke Partnerin von kleinen und großen Kinder, die der Feinschmeckerpausen nicht widerstehen!
Außerdem kann sie personalisiert sein! Es ist vorbei mit den unglücklicherweise ausgetauschten Snacks in der Aula der Schule, während der Pause, beim Sport oder im Büro!";Heim & Garten > Küche & Esszimmer > Essens- & Getränkebehälter;Snackbox;https://www.monbento.de/snackbox-mb-gram-iceberg.html;https://www.monbento.com/media/resized/532/532//media/catalog/product/m/o/monbento-boite-gouter-sans-bpa-mb-gram-iceberg-bleu.png;Neu;Auf Lager;14,90 €;;monbento;3760192683562;300002119;7,90 €
4633;Die 50 cl-Flasche - MB Positive M Flamingo;"Sie kann leicht in einer Tasche schlüpfen, sie ist perfekt hermetisch und leicht… Die MB Positive M Plastikflasche kann Sie verführen! Neben ihrer Bequemlichkeit, diese wiederverwendbare, BPA-Freie* Flasche erlaubt Ihnen in allen Situationen genug zu trinken – ins Büro, beim Sport oder beim Spazieren – und zum Umweltschutz täglich beizutragen durch die Reduzierung seinen Verbrauch von Einweg-Flaschen.  Diese halb volle 50 cl-Flasche ist nicht so sinnentleert!

*gemäß den Vorschriften";Heim & Garten > Küche & Esszimmer > Essens- & Getränkebehälter;Flasche;https://www.monbento.de/widerverwendbare-trinkflasche-monbento-mb-positive-m-rosa-flamingo.html;https://www.monbento.com/media/resized/532/532//media/catalog/product/p/o/positive-m-flamingo-face.png;Neu;Auf Lager;15,90 €;;monbento;3760192686594;15010022;7,90 €
4634;Die 50 cl-Flasche - MB Positive M Crystal;"Sie kann leicht in einer Tasche schlüpfen, sie ist perfekt hermetisch und leicht… Die MB Positive M Plastikflasche kann Sie verführen! Neben ihrer Bequemlichkeit, diese wiederverwendbare, BPA-Freie* Flasche erlaubt Ihnen in allen Situationen genug zu trinken – ins Büro, beim Sport oder beim Spazieren – und zum Umweltschutz täglich beizutragen durch die Reduzierung seinen Verbrauch von Einweg-Flaschen.  Diese halb volle 50 cl-Flasche ist nicht so sinnentleert!

*gemäß den Vorschriften";Heim & Garten > Küche & Esszimmer > Essens- & Getränkebehälter;Flasche;https://www.monbento.de/widerverwendbare-trinkflasche-monbento-mb-positive-m-blau-crystal.html;https://www.monbento.com/media/resized/532/532//media/catalog/product/p/o/positive-m-crystal-face.png;Neu;Auf Lager;15,90 €;;monbento;3760192686600;15010018;7,90 €
4324;Die 50 cl-Flasche - MB Positive M Denim;"Sie kann leicht in einer Tasche schlüpfen, sie ist perfekt hermetisch und leicht… Die MB Positive M Plastikflasche kann Sie verführen! Neben ihrer Bequemlichkeit, diese wiederverwendbare, BPA-Freie* Flasche erlaubt Ihnen in allen Situationen genug zu trinken – ins Büro, beim Sport oder beim Spazieren – und zum Umweltschutz täglich beizutragen durch die Reduzierung seinen Verbrauch von Einweg-Flaschen.  Diese halb volle 50 cl-Flasche ist nicht so sinnentleert!

*gemäß den Vorschriften";Heim & Garten > Küche & Esszimmer > Essens- & Getränkebehälter;Flasche;https://www.monbento.de/positive-m-denim-flasche.html;https://www.monbento.com/media/resized/532/532//media/catalog/product/m/o/monbento-bottle-bouteille-bottiglia-bottella-flasche-mb-positive-m-denim.png;Neu;Auf Lager;15,90 €;;monbento;3760192684163;101101020;7,90 €
4473;Die 50 cl-Flasche - MB Positive M Blush;"Sie kann leicht in einer Tasche schlüpfen, sie ist perfekt hermetisch und leicht… Die MB Positive M Plastikflasche kann Sie verführen! Neben ihrer Bequemlichkeit, diese wiederverwendbare, BPA-Freie* Flasche erlaubt Ihnen in allen Situationen genug zu trinken – ins Büro, beim Sport oder beim Spazieren – und zum Umweltschutz täglich beizutragen durch die Reduzierung seinen Verbrauch von Einweg-Flaschen.  Diese halb volle 50 cl-Flasche ist nicht so sinnentleert!

*gemäß den Vorschriften";Heim & Garten > Küche & Esszimmer > Essens- & Getränkebehälter;Flasche;https://www.monbento.de/positive-m-rosa-blush-flasche.html;https://www.monbento.com/media/resized/532/532//media/catalog/product/r/e/reusable-bottle-bpa-free-mb-positive-blush-monbento.png;Neu;Auf Lager;15,90 €;;monbento;3760192685450;101101026;7,90 €
3396;Die 50 cl-Flasche - MB Positive M Matcha;"Sie kann leicht in einer Tasche schlüpfen, sie ist perfekt hermetisch und leicht… Die MB Positive M Plastikflasche kann Sie verführen! Neben ihrer Bequemlichkeit, diese wiederverwendbare, BPA-Freie* Flasche erlaubt Ihnen in allen Situationen genug zu trinken – ins Büro, beim Sport oder beim Spazieren – und zum Umweltschutz täglich beizutragen durch die Reduzierung seinen Verbrauch von Einweg-Flaschen.  Diese halb volle 50 cl-Flasche ist nicht so sinnentleert!

*gemäß den Vorschriften";Heim & Garten > Küche & Esszimmer > Essens- & Getränkebehälter;Flasche;https://www.monbento.de/positive-m-matcha-flasche.html;https://www.monbento.com/media/wysiwyg/images-flux/monbento-bouteille-sans-bpa-reutilisable-mb-positive-m-vert-matcha.jpg;Neu;Auf Lager;15,90 €;;monbento;3760192683401;101101055;7,90 €
3997;Die 50 cl-Flasche - MB Positive M schwarz;"Sie kann leicht in einer Tasche schlüpfen, sie ist perfekt hermetisch und leicht… Die MB Positive M Plastikflasche kann Sie verführen! Neben ihrer Bequemlichkeit, diese wiederverwendbare, BPA-Freie* Flasche erlaubt Ihnen in allen Situationen genug zu trinken – ins Büro, beim Sport oder beim Spazieren – und zum Umweltschutz täglich beizutragen durch die Reduzierung seinen Verbrauch von Einweg-Flaschen.  Diese halb volle 50 cl-Flasche ist nicht so sinnentleert!

*gemäß den Vorschriften";Heim & Garten > Küche & Esszimmer > Essens- & Getränkebehälter;Flasche;https://www.monbento.de/positive-m-schwarz-flasche.html;https://www.monbento.com/media/resized/532/532//media/catalog/product/m/o/monbento-bouteille-sans-bpa-reutilisable-mb-positive-m-noir.png;Neu;Auf Lager;15,90 €;;monbento;3760192683395;101101002;7,90 €
3995;Die 50 cl-Flasche - MB Positive M Litchi;"Sie kann leicht in einer Tasche schlüpfen, sie ist perfekt hermetisch und leicht… Die MB Positive M Plastikflasche kann Sie verführen! Neben ihrer Bequemlichkeit, diese wiederverwendbare, BPA-Freie* Flasche erlaubt Ihnen in allen Situationen genug zu trinken – ins Büro, beim Sport oder beim Spazieren – und zum Umweltschutz täglich beizutragen durch die Reduzierung seinen Verbrauch von Einweg-Flaschen.  Diese halb volle 50 cl-Flasche ist nicht so sinnentleert!

*gemäß den Vorschriften";Heim & Garten > Küche & Esszimmer > Essens- & Getränkebehälter;Flasche;https://www.monbento.de/positive-m-litchi-flasche.html;https://www.monbento.com/media/wysiwyg/images-flux/monbento-bouteille-sans-bpa-reutilisable-mb-positive-m-rose-litchi.jpg;Neu;Auf Lager;15,90 €;;monbento;3760192683388;101101066;7,90 €
4449;Die 50 cl-Flasche - MB Positive M Coton;"Sie kann leicht in einer Tasche schlüpfen, sie ist perfekt hermetisch und leicht… Die MB Positive M Plastikflasche kann Sie verführen! Neben ihrer Bequemlichkeit, diese wiederverwendbare, BPA-Freie* Flasche erlaubt Ihnen in allen Situationen genug zu trinken – ins Büro, beim Sport oder beim Spazieren – und zum Umweltschutz täglich beizutragen durch die Reduzierung seinen Verbrauch von Einweg-Flaschen.  Diese halb volle 50 cl-Flasche ist nicht so sinnentleert!

*gemäß den Vorschriften";Heim & Garten > Küche & Esszimmer > Essens- & Getränkebehälter;Flasche;https://www.monbento.de/positive-m-coton-flasche.html;https://www.monbento.com/media/wysiwyg/images-flux/monbento-bouteille-reutilisable-reusable-bottle-mb-positive-m-coton.jpg;Neu;Auf Lager;15,90 €;;monbento;3760192684125;101101011;7,90 €
4636;Die 33 cl-Flasche - MB Positive S Blush;"Sie kann leicht in einer Tasche schlüpfen, sie ist perfekt hermetisch und leicht… Bei monbento haben wir gewählt, die Flasche immer half voll mit der MB Positive S zu sehen. Diese kleine wiederverwendbare, BPA-freie* Plastikflasche wird Ihren Durst den ganzen Tag oder beim Sport löschen und sie wird Sie durch ihre Bequemlichkeit und ihre Umweltfreundlichkeit verführen.

*gemäß den Vorschriften";Heim & Garten > Küche & Esszimmer > Essens- & Getränkebehälter;Flasche;https://www.monbento.de/kleine-widerverwendbare-trinkflasche-monbento-mb-positive-s-rosa-blush.html;https://www.monbento.com/media/resized/532/532//media/catalog/product/p/o/positive-s-blush-face.png;Neu;Auf Lager;13,90 €;;monbento;3760192686136;101101126;7,90 €
4635;Die 33 cl-Flasche - MB Positive S Infinity;"Sie kann leicht in einer Tasche schlüpfen, sie ist perfekt hermetisch und leicht… Bei monbento haben wir gewählt, die Flasche immer half voll mit der MB Positive S zu sehen. Diese kleine wiederverwendbare, BPA-freie* Plastikflasche wird Ihren Durst den ganzen Tag oder beim Sport löschen und sie wird Sie durch ihre Bequemlichkeit und ihre Umweltfreundlichkeit verführen.

*gemäß den Vorschriften";Heim & Garten > Küche & Esszimmer > Essens- & Getränkebehälter;Flasche;https://www.monbento.de/kleine-widerverwendbare-trinkflasche-monbento-mb-positive-s-blau-infinity.html;https://www.monbento.com/media/resized/532/532//media/catalog/product/p/o/positive-s-infinity-face.png;Neu;Auf Lager;13,90 €;;monbento;3760192686617;32010027;7,90 €
3998;Die 33 cl-Flasche - MB Positive S Litchi;"Sie kann leicht in einer Tasche schlüpfen, sie ist perfekt hermetisch und leicht… Bei monbento haben wir gewählt, die Flasche immer half voll mit der MB Positive S zu sehen. Diese kleine wiederverwendbare, BPA-freie* Plastikflasche wird Ihren Durst den ganzen Tag oder beim Sport löschen und sie wird Sie durch ihre Bequemlichkeit und ihre Umweltfreundlichkeit verführen.

*gemäß den Vorschriften";Heim & Garten > Küche & Esszimmer > Essens- & Getränkebehälter;Flasche;https://www.monbento.de/positive-s-rosa-litchi-flasche.html;https://www.monbento.com/media/wysiwyg/images-flux/monbento-little-reusable-bottle-mb-positive-s-pink-litchi.jpg;Neu;Auf Lager;13,90 €;;monbento;3760192683425;101101166;7,90 €
4323;Die 33 cl-Flasche - MB Positive S Moutarde;"Sie kann leicht in einer Tasche schlüpfen, sie ist perfekt hermetisch und leicht… Bei monbento haben wir gewählt, die Flasche immer half voll mit der MB Positive S zu sehen. Diese kleine wiederverwendbare, BPA-freie* Plastikflasche wird Ihren Durst den ganzen Tag oder beim Sport löschen und sie wird Sie durch ihre Bequemlichkeit und ihre Umweltfreundlichkeit verführen.

*gemäß den Vorschriften";Heim & Garten > Küche & Esszimmer > Essens- & Getränkebehälter;Flasche;https://www.monbento.de/positive-s-blau-moutarde-flasche.html;https://www.monbento.com/media/resized/532/532//media/catalog/product/m/o/monbento-bottle-bouteille-bottiglia-bottella-flasche-mb-positive-s-moutarde.png;Neu;Auf Lager;13,90 €;;monbento;3760192684170;101101121;7,90 €
3999;Die 33 cl-Flasche - MB Positive S Iceberg;"Sie kann leicht in einer Tasche schlüpfen, sie ist perfekt hermetisch und leicht… Bei monbento haben wir gewählt, die Flasche immer half voll mit der MB Positive S zu sehen. Diese kleine wiederverwendbare, BPA-freie* Plastikflasche wird Ihren Durst den ganzen Tag oder beim Sport löschen und sie wird Sie durch ihre Bequemlichkeit und ihre Umweltfreundlichkeit verführen.

*gemäß den Vorschriften";Heim & Garten > Küche & Esszimmer > Essens- & Getränkebehälter;Flasche;https://www.monbento.de/positive-s-blau-iceberg-flasche.html;https://www.monbento.com/media/resized/532/532//media/catalog/product/m/o/monbento-little-reusable-bottle-mb-positive-s-blue-iceberg.png;Neu;Auf Lager;13,90 €;;monbento;3760192683432;101101119;7,90 €
4474;Die 33 cl-Flasche - MB Positive S Apple;"Sie kann leicht in einer Tasche schlüpfen, sie ist perfekt hermetisch und leicht… Bei monbento haben wir gewählt, die Flasche immer half voll mit der MB Positive S zu sehen. Diese kleine wiederverwendbare, BPA-freie* Plastikflasche wird Ihren Durst den ganzen Tag oder beim Sport löschen und sie wird Sie durch ihre Bequemlichkeit und ihre Umweltfreundlichkeit verführen.

*gemäß den Vorschriften";Heim & Garten > Küche & Esszimmer > Essens- & Getränkebehälter;Flasche;https://www.monbento.de/positive-s-grun-apple-flasche.html;https://www.monbento.com/media/wysiwyg/images-flux/small-plastic-bottle-bpa-free-mb-positive-apple-monbento.jpg;Neu;Auf Lager;13,90 €;;monbento;3760192685467;101101255;7,90 €
4681;Die kompakte isotherme Flasche - MB Pop blau Infinity;Die aus Edelstahl gefertigte kompakte isotherme Flasche MB Pop hält Ihre Getränke bis zu 12 Std. warm oder kalt. Der Sportverschluss mit Sicherheitstaste und der Ausguss machen sie zu einem praktischen, in allen Situationen geeigneten Hilfsmittel! Das kompakte Format lässt sich in allen Hand- und Sporttaschen verstauen, während das Fassungsvermögen von 360 ml ideal für kühle Säfte sowie heißen Kaffee, Tee und Kakao ist. ;Heim & Garten > Küche & Esszimmer > Essens- & Getränkebehälter;Flasche;https://www.monbento.de/isotherme-flasche-monbento-mb-pop-bleu-infinity.html;https://www.monbento.com/media/resized/532/532//media/catalog/product/m/b/mbpop-infinity-face.png;Neu;Auf Lager;24,90 €;;monbento;3760192686891;36220027;7,90 €
4682;Die kompakte isotherme Flasche - MB Pop rosa Flamingo;Die aus Edelstahl gefertigte kompakte isotherme Flasche MB Pop hält Ihre Getränke bis zu 12 Std. warm oder kalt. Der Sportverschluss mit Sicherheitstaste und der Ausguss machen sie zu einem praktischen, in allen Situationen geeigneten Hilfsmittel! Das kompakte Format lässt sich in allen Hand- und Sporttaschen verstauen, während das Fassungsvermögen von 360 ml ideal für kühle Säfte sowie heißen Kaffee, Tee und Kakao ist. ;Heim & Garten > Küche & Esszimmer > Essens- & Getränkebehälter;Flasche;https://www.monbento.de/isotherme-flasche-monbento-mb-pop-rosa-flamingo.html;https://www.monbento.com/media/resized/532/532//media/catalog/product/m/b/mbpop-flamingo-face.png;Neu;Auf Lager;24,90 €;;monbento;3760192686907;36220022;7,90 €
4683;Die kompakte isotherme Flasche - MB Pop rosa Licorne;Die aus Edelstahl gefertigte kompakte isotherme Flasche MB Pop hält Ihre Getränke bis zu 12 Std. warm oder kalt. Der Sportverschluss mit Sicherheitstaste und der Ausguss machen sie zu einem praktischen, in allen Situationen geeigneten Hilfsmittel! Das kompakte Format lässt sich in allen Hand- und Sporttaschen verstauen, während das Fassungsvermögen von 360 ml ideal für kühle Säfte sowie heißen Kaffee, Tee und Kakao ist. ;Heim & Garten > Küche & Esszimmer > Essens- & Getränkebehälter;Flasche;https://www.monbento.de/isotherme-flasche-monbento-mb-pop-rosa-einhorn.html;https://www.monbento.com/media/resized/532/532//media/catalog/product/m/b/mbpop-licorne-face.png;Neu;Auf Lager;26,90 €;;monbento;3760192686877;36224015;7,90 €
4453;Die isotherme Flasche - MB Steel Jungle;Für jede Lust auf Kaffee, Tee, oder nur warme oder kalte Wasser, die MB Steel isotherme Flasche kann im Büro oder beim Wandern benutzt sein. Mit ihrer Edelstahlausführung und die Doppelwand haltet sie die Getränke kalt oder warm bis zu 12 Stunden und schützt die Hände von extremen Temperaturen. Außerdem erleichtert ihr integriertes Teesieb die Zubereitung von allen aufgegossenen Getränke! Eine super praktische Thermoflasche, die auch Stil hat !;Heim & Garten > Küche & Esszimmer > Essens- & Getränkebehälter;Flasche;https://www.monbento.de/isotherme-flasche-monbento-mb-steel-jungle.html;https://www.monbento.com/media/resized/532/532//media/catalog/product/m/b/mb-steel-bottle-insulated-green-jungle.png;Neu;Auf Lager;32,90 €;;monbento;3760192685566;401101430;7,90 €
3607;Die isotherme Flasche - MB Steel Onyx;Für jede Lust auf Kaffee, Tee, oder nur warme oder kalte Wasser, die MB Steel isotherme Flasche kann im Büro oder beim Wandern benutzt sein. Mit ihrer Edelstahlausführung und die Doppelwand haltet sie die Getränke kalt oder warm bis zu 12 Stunden und schützt die Hände von extremen Temperaturen. Außerdem erleichtert ihr integriertes Teesieb die Zubereitung von allen aufgegossenen Getränke! Eine super praktische Thermoflasche, die auch Stil hat !;Heim & Garten > Küche & Esszimmer > Essens- & Getränkebehälter;Flasche;https://www.monbento.de/isotherme-flasche-monbento-mb-steel-onyx.html;https://www.monbento.com/media/resized/532/532//media/catalog/product/m/o/monbento-bouteille-isotherme-mb-steel-onyx-noir.png;Neu;Auf Lager;29,90 €;;monbento;3760192682978;401101002;7,90 €
4034;Die isotherme Flasche - MB Steel Cuivre;Für jede Lust auf Kaffee, Tee, oder nur warme oder kalte Wasser, die MB Steel isotherme Flasche kann im Büro oder beim Wandern benutzt sein. Mit ihrer Edelstahlausführung und die Doppelwand haltet sie die Getränke kalt oder warm bis zu 12 Stunden und schützt die Hände von extremen Temperaturen. Außerdem erleichtert ihr integriertes Teesieb die Zubereitung von allen aufgegossenen Getränke! Eine super praktische Thermoflasche, die auch Stil hat !;Heim & Garten > Küche & Esszimmer > Essens- & Getränkebehälter;Flasche;https://www.monbento.de/isotherme-flasche-monbento-mb-steel-cuivre.html;https://www.monbento.com/media/resized/532/532//media/catalog/product/m/o/monbento-bouteille-isotherme-insulated-bottle-mb-steel.png;Neu;Auf Lager;29,90 €;;monbento;3760192683579;401101111;7,90 €
3606;Die isotherme Flasche - MB Steel Silver;Für jede Lust auf Kaffee, Tee, oder nur warme oder kalte Wasser, die MB Steel isotherme Flasche kann im Büro oder beim Wandern benutzt sein. Mit ihrer Edelstahlausführung und die Doppelwand haltet sie die Getränke kalt oder warm bis zu 12 Stunden und schützt die Hände von extremen Temperaturen. Außerdem erleichtert ihr integriertes Teesieb die Zubereitung von allen aufgegossenen Getränke! Eine super praktische Thermoflasche, die auch Stil hat !;Heim & Garten > Küche & Esszimmer > Essens- & Getränkebehälter;Flasche;https://www.monbento.de/isotherme-flasche-monbento-mb-steel-silver.html;https://www.monbento.com/media/wysiwyg/images-flux/monbento-steel-bouteille-bottle-insulated-silver.jpg;Neu;Auf Lager;29,90 €;;monbento;3760192682961;401101000;7,90 €
4423;Die isotherme Flasche - MB Steel Blossom;Für jede Lust auf Kaffee, Tee, oder nur warme oder kalte Wasser, die MB Steel isotherme Flasche kann im Büro oder beim Wandern benutzt sein. Mit ihrer Edelstahlausführung und die Doppelwand haltet sie die Getränke kalt oder warm bis zu 12 Stunden und schützt die Hände von extremen Temperaturen. Außerdem erleichtert ihr integriertes Teesieb die Zubereitung von allen aufgegossenen Getränke! Eine super praktische Thermoflasche, die auch Stil hat !;Heim & Garten > Küche & Esszimmer > Essens- & Getränkebehälter;Flasche;https://www.monbento.de/isotherme-flasche-monbento-mb-steel-blossom.html;https://www.monbento.com/media/resized/532/532//media/catalog/product/i/n/insulated-bottle-japanese-style-mb-steel-blossom-monbento.png;Neu;Auf Lager;32,90 €;;monbento;3760192685122;401101333;7,90 €
4676;Die intelligente isotherme Flasche - MB Genius schwarz Onyx;Mit der MB Genius isotherme Flasche aus Edelstahl bleiben Ihre Getränke bis zu 12 Std. lang heiß oder kühl (abhängig von Inhalt und Gebrauchsbedingungen). Sie müssen die Flasche nur schütteln, dann zeigt der intelligente Verschluss die Temperatur des Inhalts an (Temperaturangabe in °C)! Ob sie in der Tasche steckt oder auf dem Bürotisch steht, genießen Sie Ihre Lieblingsgetränke mit Temperaturangabe!;Heim & Garten > Küche & Esszimmer > Essens- & Getränkebehälter;Flasche;https://www.monbento.de/intelligente-isotherme-flasche-temperatur-monbento-mb-genius-schwarz-onyx.html;https://www.monbento.com/media/resized/532/532//media/catalog/product/g/e/genius-onyx-face.png;Neu;Auf Lager;39,90 €;;monbento;3760192686785;34024002;7,90 €
4675;Die intelligente isotherme Flasche - MB Genius graphic Strawberry ;Mit der MB Genius isotherme Flasche aus Edelstahl bleiben Ihre Getränke bis zu 12 Std. lang heiß oder kühl (abhängig von Inhalt und Gebrauchsbedingungen). Sie müssen die Flasche nur schütteln, dann zeigt der intelligente Verschluss die Temperatur des Inhalts an (Temperaturangabe in °C)! Ob sie in der Tasche steckt oder auf dem Bürotisch steht, genießen Sie Ihre Lieblingsgetränke mit Temperaturangabe!;Heim & Garten > Küche & Esszimmer > Essens- & Getränkebehälter;Flasche;https://www.monbento.de/intelligente-isotherme-flasche-temperatur-monbento-mb-genius-rosa-erdbeeren-strawberry.html;https://www.monbento.com/media/resized/532/532//media/catalog/product/g/e/genius-strawberry-face.png;Neu;Auf Lager;44,90 €;;monbento;3760192686778;34024013;7,90 €
3466;Das Besteck Set für unterwegs - MB Pocket schwarz;Eine Gabel, ein Messer und ein Löffel: das ist das nötige Besteck Set für Lunchboxen um draußen so bequem wie zu Hause zu essen. Deswegen fehlt keines von diesem Zubehör in dem wiederverwendbaren MB Pocket Besteck Set! Dieses Set ist aus rostfreiem Edelstahl gestaltet und verfügt über einen Plastiksockel. Es zeigt sich sehr dauerhaft und kommt leicht in den monbento Bento Boxen rein. Ein starke Partner für nomaden Pausen ohne Zwang! ;Heim & Garten > Küche & Esszimmer > Essens- & Getränkebehälter;Besteck;https://www.monbento.de/mb-pocket-schwarz-besteckset-unterwegs.html;https://www.monbento.com/media/resized/532/532//media/catalog/product/m/o/monbento-mb-pocket-black-cutlery.png;Neu;Auf Lager;16,90 €;;monbento;3760192682305;100701002;7,90 €
4330;Das Besteck Set für unterwegs - MB Pocket Coton;Eine Gabel, ein Messer und ein Löffel: das ist das nötige Besteck Set für Lunchboxen um draußen so bequem wie zu Hause zu essen. Deswegen fehlt keines von diesem Zubehör in dem wiederverwendbaren MB Pocket Besteck Set! Dieses Set ist aus rostfreiem Edelstahl gestaltet und verfügt über einen Plastiksockel. Es zeigt sich sehr dauerhaft und kommt leicht in den monbento Bento Boxen rein. Ein starke Partner für nomaden Pausen ohne Zwang! ;Heim & Garten > Küche & Esszimmer > Essens- & Getränkebehälter;Besteck;https://www.monbento.de/mb-pocket-coton-besteckset-unterwegs.html;https://www.monbento.com/media/resized/532/532//media/catalog/product/m/o/monbento-mb-pocket-coton.png;Neu;Auf Lager;16,90 €;;monbento;3760192684231;100701011;7,90 €
4477;Das Besteck Set für unterwegs - MB Pocket Blush;Eine Gabel, ein Messer und ein Löffel: das ist das nötige Besteck Set für Lunchboxen um draußen so bequem wie zu Hause zu essen. Deswegen fehlt keines von diesem Zubehör in dem wiederverwendbaren MB Pocket Besteck Set! Dieses Set ist aus rostfreiem Edelstahl gestaltet und verfügt über einen Plastiksockel. Es zeigt sich sehr dauerhaft und kommt leicht in den monbento Bento Boxen rein. Ein starke Partner für nomaden Pausen ohne Zwang! ;Heim & Garten > Küche & Esszimmer > Essens- & Getränkebehälter;Besteck;https://www.monbento.de/mb-pocket-rosa-blush-besteckset-unterwegs.html;https://www.monbento.com/media/resized/532/532//media/catalog/product/m/o/monbento-cutlery-lunch-box-set-mb-pocket-blush.png;Neu;Auf Lager;16,90 €;;monbento;3760192685528;100701126;7,90 €
3985;Das Besteck Set für unterwegs - MB Pocket Litchi;Eine Gabel, ein Messer und ein Löffel: das ist das nötige Besteck Set für Lunchboxen um draußen so bequem wie zu Hause zu essen. Deswegen fehlt keines von diesem Zubehör in dem wiederverwendbaren MB Pocket Besteck Set! Dieses Set ist aus rostfreiem Edelstahl gestaltet und verfügt über einen Plastiksockel. Es zeigt sich sehr dauerhaft und kommt leicht in den monbento Bento Boxen rein. Ein starke Partner für nomaden Pausen ohne Zwang! ;Heim & Garten > Küche & Esszimmer > Essens- & Getränkebehälter;Besteck;https://www.monbento.de/mb-pocket-litchi-besteckset-unterwegs.html;https://www.monbento.com/media/resized/532/532//media/catalog/product/m/o/monbento-couverts-bento-box-mb-pocket-rose-litchi.png;Neu;Auf Lager;16,90 €;;monbento;3760192683463;100701066;7,90 €
4671;Das Besteck Set aus biologisch abbaubarem Kunststoff - MB Pocket Color blau Infinity;Sie wünschen die Umwelt schützen aber wollen über originale und bunte Besteck verfügen, Sie im Flugzeug stärken oder die Autonomie der kleinen nomadischen Esser fördern? Für all diese Wünsche gibt es das MB Pocket Color Reisebesteck Set, das 100% kompostierbar dank PLA (ein biologisch abbaubarer Plastik aus der Welt der Pflanzen) ist. Dieses Set besteht aus einer Gabel, einem Messer und einem Löffel und schlüpft direkt in den monbento Lunchboxen um Sie überall zu begleiten. Für die Mahlzeiten ins Büro oder das Picknick mit den Kindern bleibt es abzuwarten, welche Farbe Sie werden wählen. ;Heim & Garten > Küche & Esszimmer > Essens- & Getränkebehälter;Besteck;https://www.monbento.de/besteck-fur-bento-biologisch-abbaubarem-kunststoff-monbento-mb-pocket-color-blau-infinity.html;https://www.monbento.com/media/resized/532/532//media/catalog/product/p/o/pocket-color-infinity-iso_2.png;Neu;Auf Lager;10,50 €;;monbento;3760192686747;24050028;7,90 €
4672;Das Besteck Set aus biologisch abbaubarem Kunststoff - MB Pocket Color rosa Blush;Sie wünschen die Umwelt schützen aber wollen über originale und bunte Besteck verfügen, Sie im Flugzeug stärken oder die Autonomie der kleinen nomadischen Esser fördern? Für all diese Wünsche gibt es das MB Pocket Color Reisebesteck Set, das 100% kompostierbar dank PLA (ein biologisch abbaubarer Plastik aus der Welt der Pflanzen) ist. Dieses Set besteht aus einer Gabel, einem Messer und einem Löffel und schlüpft direkt in den monbento Lunchboxen um Sie überall zu begleiten. Für die Mahlzeiten ins Büro oder das Picknick mit den Kindern bleibt es abzuwarten, welche Farbe Sie werden wählen. ;Heim & Garten > Küche & Esszimmer > Essens- & Getränkebehälter;Besteck;https://www.monbento.de/besteck-fur-bento-biologisch-abbaubarem-kunststoff-monbento-mb-pocket-color-rosa-blush.html;https://www.monbento.com/media/resized/532/532//media/catalog/product/p/o/pocket-color-blush-iso_1.png;Neu;Auf Lager;10,50 €;;monbento;3760192686730;24050029;7,90 €
3626;Das Besteck Set aus biologisch abbaubarem Kunststoff - MB Pocket Color schwarz;Sie wünschen die Umwelt schützen aber wollen über originale und bunte Besteck verfügen, Sie im Flugzeug stärken oder die Autonomie der kleinen nomadischen Esser fördern? Für all diese Wünsche gibt es das MB Pocket Color Reisebesteck Set, das 100% kompostierbar dank PLA (ein biologisch abbaubarer Plastik aus der Welt der Pflanzen) ist. Dieses Set besteht aus einer Gabel, einem Messer und einem Löffel und schlüpft direkt in den monbento Lunchboxen um Sie überall zu begleiten. Für die Mahlzeiten ins Büro oder das Picknick mit den Kindern bleibt es abzuwarten, welche Farbe Sie werden wählen. ;Heim & Garten > Küche & Esszimmer > Essens- & Getränkebehälter;Besteck;https://www.monbento.de/mb-pocket-color-schwarz-besteck-biologisch-abbaubarem-kunststoff.html;https://www.monbento.com/media/resized/532/532//media/catalog/product/m/o/monbento-set-couverts-plastique-boite-bento-mb-pocket-color-noir.png;Neu;Auf Lager;10,50 €;;monbento;3760192682725;100702002;7,90 €
4331;Das Besteck Set aus biologisch abbaubarem Kunststoff - MB Pocket Color Moutarde;Sie wünschen die Umwelt schützen aber wollen über originale und bunte Besteck verfügen, Sie im Flugzeug stärken oder die Autonomie der kleinen nomadischen Esser fördern? Für all diese Wünsche gibt es das MB Pocket Color Reisebesteck Set, das 100% kompostierbar dank PLA (ein biologisch abbaubarer Plastik aus der Welt der Pflanzen) ist. Dieses Set besteht aus einer Gabel, einem Messer und einem Löffel und schlüpft direkt in den monbento Lunchboxen um Sie überall zu begleiten. Für die Mahlzeiten ins Büro oder das Picknick mit den Kindern bleibt es abzuwarten, welche Farbe Sie werden wählen. ;Heim & Garten > Küche & Esszimmer > Essens- & Getränkebehälter;Besteck;https://www.monbento.de/mb-pocket-color-moutarde-besteck-biologisch-abbaubarem-kunststoff.html;https://www.monbento.com/media/resized/532/532//media/catalog/product/m/o/monbento-mbpocket-color-iso-transparent-moutarde.png;Neu;Auf Lager;10,50 €;;monbento;3760192684248;100702021;7,90 €
4146;Das Besteck Set aus biologisch abbaubarem Kunststoff - MB Pocket Color Litchi;Sie wünschen die Umwelt schützen aber wollen über originale und bunte Besteck verfügen, Sie im Flugzeug stärken oder die Autonomie der kleinen nomadischen Esser fördern? Für all diese Wünsche gibt es das MB Pocket Color Reisebesteck Set, das 100% kompostierbar dank PLA (ein biologisch abbaubarer Plastik aus der Welt der Pflanzen) ist. Dieses Set besteht aus einer Gabel, einem Messer und einem Löffel und schlüpft direkt in den monbento Lunchboxen um Sie überall zu begleiten. Für die Mahlzeiten ins Büro oder das Picknick mit den Kindern bleibt es abzuwarten, welche Farbe Sie werden wählen. ;Heim & Garten > Küche & Esszimmer > Essens- & Getränkebehälter;Besteck;https://www.monbento.de/mb-pocket-color-litchi-besteck-biologisch-abbaubarem-kunststoff.html;https://www.monbento.com/media/resized/532/532//media/catalog/product/l/u/lunch-box-kids-cutlery-mb-pocket-color-monbento-litchi.png;Neu;Auf Lager;10,50 €;;monbento;3760192683913;100702066;7,90 €
4145;Das Besteck Set aus biologisch abbaubarem Kunststoff - MB Pocket Color Iceberg ;Sie wünschen die Umwelt schützen aber wollen über originale und bunte Besteck verfügen, Sie im Flugzeug stärken oder die Autonomie der kleinen nomadischen Esser fördern? Für all diese Wünsche gibt es das MB Pocket Color Reisebesteck Set, das 100% kompostierbar dank PLA (ein biologisch abbaubarer Plastik aus der Welt der Pflanzen) ist. Dieses Set besteht aus einer Gabel, einem Messer und einem Löffel und schlüpft direkt in den monbento Lunchboxen um Sie überall zu begleiten. Für die Mahlzeiten ins Büro oder das Picknick mit den Kindern bleibt es abzuwarten, welche Farbe Sie werden wählen. ;Heim & Garten > Küche & Esszimmer > Essens- & Getränkebehälter;Besteck;https://www.monbento.de/mb-pocket-color-iceberg-besteck-biologisch-abbaubarem-kunststoff.html;https://www.monbento.com/media/resized/532/532//media/catalog/product/l/u/lunch-box-kids-cutlery-mb-pocket-color-monbento-iceberg.png;Neu;Auf Lager;10,50 €;;monbento;3760192683920;100702119;7,90 €
4478;Das Besteck Set aus biologisch abbaubarem Kunststoff - MB Pocket Color Apple ;Sie wünschen die Umwelt schützen aber wollen über originale und bunte Besteck verfügen, Sie im Flugzeug stärken oder die Autonomie der kleinen nomadischen Esser fördern? Für all diese Wünsche gibt es das MB Pocket Color Reisebesteck Set, das 100% kompostierbar dank PLA (ein biologisch abbaubarer Plastik aus der Welt der Pflanzen) ist. Dieses Set besteht aus einer Gabel, einem Messer und einem Löffel und schlüpft direkt in den monbento Lunchboxen um Sie überall zu begleiten. Für die Mahlzeiten ins Büro oder das Picknick mit den Kindern bleibt es abzuwarten, welche Farbe Sie werden wählen. ;Heim & Garten > Küche & Esszimmer > Essens- & Getränkebehälter;Besteck;https://www.monbento.de/mb-pocket-color-grun-apple-besteck-biologisch-abbaubarem-kunststoff.html;https://www.monbento.com/media/resized/532/532//media/catalog/product/c/u/cutlery-set-plastic-reusable-mb-pocket-color-apple-monbento_1.png;Neu;Auf Lager;10,50 €;;monbento;3760192685535;100702255;7,90 €
3630;Das Besteck Set aus biologisch abbaubarem Kunststoff - MB Pocket Color gelb;Sie wünschen die Umwelt schützen aber wollen über originale und bunte Besteck verfügen, Sie im Flugzeug stärken oder die Autonomie der kleinen nomadischen Esser fördern? Für all diese Wünsche gibt es das MB Pocket Color Reisebesteck Set, das 100% kompostierbar dank PLA (ein biologisch abbaubarer Plastik aus der Welt der Pflanzen) ist. Dieses Set besteht aus einer Gabel, einem Messer und einem Löffel und schlüpft direkt in den monbento Lunchboxen um Sie überall zu begleiten. Für die Mahlzeiten ins Büro oder das Picknick mit den Kindern bleibt es abzuwarten, welche Farbe Sie werden wählen. ;Heim & Garten > Küche & Esszimmer > Essens- & Getränkebehälter;Besteck;https://www.monbento.de/mb-pocket-color-gelbe-besteck-biologisch-abbaubarem-kunststoff.html;https://www.monbento.com/media/resized/532/532//media/catalog/product/p/o/pocket-color-jaune-iso.png;Neu;Auf Lager;10,50 €;;monbento;3760192682763;100702011;7,90 €
3628;Das Besteck Set aus biologisch abbaubarem Kunststoff - MB Pocket Color grün;Sie wünschen die Umwelt schützen aber wollen über originale und bunte Besteck verfügen, Sie im Flugzeug stärken oder die Autonomie der kleinen nomadischen Esser fördern? Für all diese Wünsche gibt es das MB Pocket Color Reisebesteck Set, das 100% kompostierbar dank PLA (ein biologisch abbaubarer Plastik aus der Welt der Pflanzen) ist. Dieses Set besteht aus einer Gabel, einem Messer und einem Löffel und schlüpft direkt in den monbento Lunchboxen um Sie überall zu begleiten. Für die Mahlzeiten ins Büro oder das Picknick mit den Kindern bleibt es abzuwarten, welche Farbe Sie werden wählen. ;Heim & Garten > Küche & Esszimmer > Essens- & Getränkebehälter;Besteck;https://www.monbento.de/mb-pocket-color-grun-besteck-biologisch-abbaubarem-kunststoff.html;https://www.monbento.com/media/resized/532/532//media/catalog/product/m/o/monbento-set-couverts-plastique-lunch-box-mb-pocket-color-vert.png;Neu;Auf Lager;10,50 €;;monbento;3760192682749;100702005;7,90 €
3629;Das Besteck Set aus biologisch abbaubarem Kunststoff - MB Pocket Color rosa;Sie wünschen die Umwelt schützen aber wollen über originale und bunte Besteck verfügen, Sie im Flugzeug stärken oder die Autonomie der kleinen nomadischen Esser fördern? Für all diese Wünsche gibt es das MB Pocket Color Reisebesteck Set, das 100% kompostierbar dank PLA (ein biologisch abbaubarer Plastik aus der Welt der Pflanzen) ist. Dieses Set besteht aus einer Gabel, einem Messer und einem Löffel und schlüpft direkt in den monbento Lunchboxen um Sie überall zu begleiten. Für die Mahlzeiten ins Büro oder das Picknick mit den Kindern bleibt es abzuwarten, welche Farbe Sie werden wählen. ;Heim & Garten > Küche & Esszimmer > Essens- & Getränkebehälter;Besteck;https://www.monbento.de/mb-pocket-color-rosa-besteck-biologisch-abbaubarem-kunststoff.html;https://www.monbento.com/media/resized/532/532//media/catalog/product/m/o/monbento-set-couverts-plastique-bento-mb-pocket-color-rose.png;Neu;Auf Lager;10,50 €;;monbento;3760192682756;100702006;7,90 €
3529;Die Stäbchen für unterwegs - MB Pair rosa;Ein paar Essstäbchen für Bento und eine einfache Mahlzeit sieht wie eine Reise in Asien aus! Eine erlaubte Flucht, ganz egal wo Sie sind dank der MB Pair Essstäbchen für unterwegs! Einziehbar, sie können leicht in der monbento Lunchboxen passen, deswegen gibt es keinen Zwang mehr um unterwegs zu essen. ;Heim & Garten > Küche & Esszimmer > Essens- & Getränkebehälter;Besteck;https://www.monbento.de/mb-pair-rosa-staebchen.html;https://www.monbento.com/media/resized/532/532//media/catalog/product/m/o/monbento-baguettes-bento-box-lunch-box-nomades-mb-pair-rose_2.png;Neu;Auf Lager;9,90 €;;monbento;3760192682558;100800006;7,90 €
4673;Die Kühltasche im Ökodesign - MB E-zy - rosa Blush;Die Außentemperatur ist für die Mahlzeiten im Freien keinen Zwang mehr! Die MB E-zy Kühltasche aus Ariaprene bewährt Ihre Mahlzeit kühl oder warm in den Bento- und Lunchboxen auf, egal, wie das Wetter ist. Eine schicke und praktische Kühltasche wie man sie lieben!;Heim & Garten > Küche & Esszimmer > Essens- & Getränkebehälter;Tasche;https://www.monbento.de/kuhltasche-bento-lunch-box-mb-e-zy-rosa-blush.html;https://www.monbento.com/media/catalog/product/cache/1/image/85e4522595efc69f496374d01ef2bf13/e/-/e-zy-face-blush.png;Neu;Auf Lager;39,90 €;;monbento;3760192686686;21040026;7,90 €
4500;Die Kühltasche im Ökodesign - MB E-zy - blau Navy;Die Außentemperatur ist für die Mahlzeiten im Freien keinen Zwang mehr! Die MB E-zy Kühltasche aus Ariaprene bewährt Ihre Mahlzeit kühl oder warm in den Bento- und Lunchboxen auf, egal, wie das Wetter ist. Eine schicke und praktische Kühltasche wie man sie lieben!;Heim & Garten > Küche & Esszimmer > Essens- & Getränkebehälter;Tasche;https://www.monbento.de/kuhltasche-bento-mb-e-zy.html;https://www.monbento.com/media/resized/532/532//media/catalog/product/i/n/insulated-bag-bento-box-monbento-mb-e-zy-navy.png;Neu;Auf Lager;39,90 €;;monbento;3760192685412;100204009;7,90 €
4670;Die Bento Tasche - MB Pochette graphic Strawberry - erdbeeren;Die MB Pochette Lunchtasche ist DIE Lösung um Ihre Bento- und Lunchboxen wo Sie wollen zu schützen und transportieren. Diese Bento Tasche ist ein alltagtaugliches Produkt, das gleichzeitig ästhetisch, haltbar und wartungsfreundlich ist. Diese Lunchbag kann sowohl eine MB Original Brotdose als auch eine MB Square Lunchbox oder eine MB Tresor Brotbüchse empfangen. Das schwierigste ist zwischen den verschiedenen Farben und Motiven zu wählen! ;Heim & Garten > Küche & Esszimmer > Essens- & Getränkebehälter;Tasche;https://www.monbento.de/lunch-box-bento-box-tasche-monbento-mb-pochette-graphic-erdbeeren-strawberry.html;https://www.monbento.com/media/resized/532/532//media/catalog/product/p/o/pochette-strawberry.png;Neu;Auf Lager;9,90 €;;monbento;3760192686815;22184013;7,90 €
4668;Die Bento Tasche - MB Pochette rosa Flamingo;Die MB Pochette Lunchtasche ist DIE Lösung um Ihre Bento- und Lunchboxen wo Sie wollen zu schützen und transportieren. Diese Bento Tasche ist ein alltagtaugliches Produkt, das gleichzeitig ästhetisch, haltbar und wartungsfreundlich ist. Diese Lunchbag kann sowohl eine MB Original Brotdose als auch eine MB Square Lunchbox oder eine MB Tresor Brotbüchse empfangen. Das schwierigste ist zwischen den verschiedenen Farben und Motiven zu wählen! ;Heim & Garten > Küche & Esszimmer > Essens- & Getränkebehälter;Tasche;https://www.monbento.de/bento-tasche-monbento-mb-pochette-rosa-flamingo.html;https://www.monbento.com/media/resized/532/532//media/catalog/product/p/o/pochette-flamingo.png;Neu;Auf Lager;7,90 €;;monbento;3760192686624;22180022;7,90 €
4669;Die Bento Tasche - MB Pochette blau Crystal;Die MB Pochette Lunchtasche ist DIE Lösung um Ihre Bento- und Lunchboxen wo Sie wollen zu schützen und transportieren. Diese Bento Tasche ist ein alltagtaugliches Produkt, das gleichzeitig ästhetisch, haltbar und wartungsfreundlich ist. Diese Lunchbag kann sowohl eine MB Original Brotdose als auch eine MB Square Lunchbox oder eine MB Tresor Brotbüchse empfangen. Das schwierigste ist zwischen den verschiedenen Farben und Motiven zu wählen! ;Heim & Garten > Küche & Esszimmer > Essens- & Getränkebehälter;Tasche;https://www.monbento.de/lunch-box-tasche-monbento-mb-pochette-blau-crystal.html;https://www.monbento.com/media/resized/532/532//media/catalog/product/p/o/pochette-crystal.png;Neu;Auf Lager;7,90 €;;monbento;3760192686631;22180018;7,90 €
3278;Die Bento Tasche - MB Pochette schwarz / weiß;Die MB Pochette Lunchtasche ist DIE Lösung um Ihre Bento- und Lunchboxen wo Sie wollen zu schützen und transportieren. Diese Bento Tasche ist ein alltagtaugliches Produkt, das gleichzeitig ästhetisch, haltbar und wartungsfreundlich ist. Diese Lunchbag kann sowohl eine MB Original Brotdose als auch eine MB Square Lunchbox oder eine MB Tresor Brotbüchse empfangen. Das schwierigste ist zwischen den verschiedenen Farben und Motiven zu wählen! ;Heim & Garten > Küche & Esszimmer > Essens- & Getränkebehälter;Tasche;https://www.monbento.de/tasche-original-bento-boxen-weiss.html;https://www.monbento.com/media/resized/532/532//media/catalog/product/b/e/bento-box-lunch-bag-monbento-mb-pochette-black_2.png;Neu;Auf Lager;7,90 €;;monbento;3760192680646;100202001;7,90 €
4456;Die Bento Tasche - MB Pochette Coton;Die MB Pochette Lunchtasche ist DIE Lösung um Ihre Bento- und Lunchboxen wo Sie wollen zu schützen und transportieren. Diese Bento Tasche ist ein alltagtaugliches Produkt, das gleichzeitig ästhetisch, haltbar und wartungsfreundlich ist. Diese Lunchbag kann sowohl eine MB Original Brotdose als auch eine MB Square Lunchbox oder eine MB Tresor Brotbüchse empfangen. Das schwierigste ist zwischen den verschiedenen Farben und Motiven zu wählen! ;Heim & Garten > Küche & Esszimmer > Essens- & Getränkebehälter;Tasche;https://www.monbento.de/bento-box-tasche-mb-pochette-coton.html;https://www.monbento.com/media/resized/532/532//media/catalog/product/b/e/bento-box-lunch-bag-monbento-mb-pochette-grey-coton_3.png;Neu;Auf Lager;7,90 €;;monbento;3760192683494;100202210;7,90 €
4481;Die Bento Tasche - MB Pochette Blush;Die MB Pochette Lunchtasche ist DIE Lösung um Ihre Bento- und Lunchboxen wo Sie wollen zu schützen und transportieren. Diese Bento Tasche ist ein alltagtaugliches Produkt, das gleichzeitig ästhetisch, haltbar und wartungsfreundlich ist. Diese Lunchbag kann sowohl eine MB Original Brotdose als auch eine MB Square Lunchbox oder eine MB Tresor Brotbüchse empfangen. Das schwierigste ist zwischen den verschiedenen Farben und Motiven zu wählen! ;Heim & Garten > Küche & Esszimmer > Essens- & Getränkebehälter;Tasche;https://www.monbento.de/bento-box-tasche-mb-pochette-rosa-blush.html;https://www.monbento.com/media/resized/532/532//media/catalog/product/b/e/bento-box-lunch-bag-monbento-mb-pochette-pink-blush_1_2.png;Neu;Auf Lager;7,90 €;;monbento;3760192685597;100202126;7,90 €
4227;Die Bento Tasche - MB Pochette Denim;Die MB Pochette Lunchtasche ist DIE Lösung um Ihre Bento- und Lunchboxen wo Sie wollen zu schützen und transportieren. Diese Bento Tasche ist ein alltagtaugliches Produkt, das gleichzeitig ästhetisch, haltbar und wartungsfreundlich ist. Diese Lunchbag kann sowohl eine MB Original Brotdose als auch eine MB Square Lunchbox oder eine MB Tresor Brotbüchse empfangen. Das schwierigste ist zwischen den verschiedenen Farben und Motiven zu wählen! ;Heim & Garten > Küche & Esszimmer > Essens- & Getränkebehälter;Tasche;https://www.monbento.de/bento-box-tasche-mb-pochette-denim.html;https://www.monbento.com/media/resized/532/532//media/catalog/product/b/e/bento-box-lunch-bag-monbento-mb-pochette-denim_4.png;Neu;Auf Lager;7,90 €;;monbento;3760192684279;100202021;7,90 €
4336;Die Bento Tasche - MB Pochette Jungle;Die MB Pochette Lunchtasche ist DIE Lösung um Ihre Bento- und Lunchboxen wo Sie wollen zu schützen und transportieren. Diese Bento Tasche ist ein alltagtaugliches Produkt, das gleichzeitig ästhetisch, haltbar und wartungsfreundlich ist. Diese Lunchbag kann sowohl eine MB Original Brotdose als auch eine MB Square Lunchbox oder eine MB Tresor Brotbüchse empfangen. Das schwierigste ist zwischen den verschiedenen Farben und Motiven zu wählen! ;Heim & Garten > Küche & Esszimmer > Essens- & Getränkebehälter;Tasche;https://www.monbento.de/bento-box-tasche-mb-pochette-jungle.html;https://www.monbento.com/media/resized/532/532//media/catalog/product/m/b/mb-pochette-jungle-bento-lunch-bag_2.png;Neu;Auf Lager;9,90 €;;monbento;3760192684293;100202430;7,90 €
4457;Die Bento Tasche - MB Pochette Blossom;Die MB Pochette Lunchtasche ist DIE Lösung um Ihre Bento- und Lunchboxen wo Sie wollen zu schützen und transportieren. Diese Bento Tasche ist ein alltagtaugliches Produkt, das gleichzeitig ästhetisch, haltbar und wartungsfreundlich ist. Diese Lunchbag kann sowohl eine MB Original Brotdose als auch eine MB Square Lunchbox oder eine MB Tresor Brotbüchse empfangen. Das schwierigste ist zwischen den verschiedenen Farben und Motiven zu wählen! ;Heim & Garten > Küche & Esszimmer > Essens- & Getränkebehälter;Tasche;https://www.monbento.de/bento-box-tasche-mb-pochette-blossom.html;https://www.monbento.com/media/resized/532/532//media/catalog/product/b/e/bento-box-lunch-bag-monbento-mb-pochette-japanese-flowers-blossom_2.png;Neu;Auf Lager;9,90 €;;monbento;3760192685603;100212333;7,90 €
3986;Die Bento Tasche - MB Pochette Litchi;Die MB Pochette Lunchtasche ist DIE Lösung um Ihre Bento- und Lunchboxen wo Sie wollen zu schützen und transportieren. Diese Bento Tasche ist ein alltagtaugliches Produkt, das gleichzeitig ästhetisch, haltbar und wartungsfreundlich ist. Diese Lunchbag kann sowohl eine MB Original Brotdose als auch eine MB Square Lunchbox oder eine MB Tresor Brotbüchse empfangen. Das schwierigste ist zwischen den verschiedenen Farben und Motiven zu wählen! ;Heim & Garten > Küche & Esszimmer > Essens- & Getränkebehälter;Tasche;https://www.monbento.de/bento-box-tasche-mb-pochette-litchi.html;https://www.monbento.com/media/resized/532/532//media/catalog/product/b/e/bento-box-lunch-bag-monbento-mb-pochette-litchi_1_2.png;Neu;Auf Lager;7,90 €;;monbento;3760192683487;100202266;7,90 €
4482;Die Bento Tasche - MB Pochette English Garden;Die MB Pochette Lunchtasche ist DIE Lösung um Ihre Bento- und Lunchboxen wo Sie wollen zu schützen und transportieren. Diese Bento Tasche ist ein alltagtaugliches Produkt, das gleichzeitig ästhetisch, haltbar und wartungsfreundlich ist. Diese Lunchbag kann sowohl eine MB Original Brotdose als auch eine MB Square Lunchbox oder eine MB Tresor Brotbüchse empfangen. Das schwierigste ist zwischen den verschiedenen Farben und Motiven zu wählen! ;Heim & Garten > Küche & Esszimmer > Essens- & Getränkebehälter;Tasche;https://www.monbento.de/bento-box-tasche-mb-pochette-grun-english-garden.html;https://www.monbento.com/media/resized/532/532//media/catalog/product/b/e/bento-box-lunch-bag-monbento-mb-pochette-green-english-garden_2.png;Neu;Auf Lager;9,90 €;;monbento;3760192685504;100202432;7,90 €
4640;Die Saucedöschen - MB Temple S rosa Flamingo / rosa Blush;"Ob klein oder groß, laden sie sich die MB Temple Saucendöschen jeden Tag zu den Mittagessen der Lunchboxen Liebhaber ein um all die Wünsche an Beilage zu befriedigen. Ein unentbehrliches Bento Zubehör um Vinaigrette, Würzmittel oder andere Saucen zur Ergänzung einer Brotbüchse zu transportieren
Verfügbar in 2 Größe, diese Saucendöschen schlüpfen in die Transporttasche oder direkt in den monbento Bento Boxen.";Heim & Garten > Küche & Esszimmer > Essens- & Getränkebehälter;Zubehör;https://www.monbento.de/bento-zubehor-saucendoschen-monbento-mb-temple-s-rosa-flamingo-blush.html;https://www.monbento.com/media/resized/532/532//media/catalog/product/t/e/temple-s-flamingo-blush-face.png;Neu;Auf Lager;5,90 €;;monbento;3760192686679;20010022;7,90 €
4641;Die Saucedöschen - MB Temple S grau Coton / schwarz Onyx;"Ob klein oder groß, laden sie sich die MB Temple Saucendöschen jeden Tag zu den Mittagessen der Lunchboxen Liebhaber ein um all die Wünsche an Beilage zu befriedigen. Ein unentbehrliches Bento Zubehör um Vinaigrette, Würzmittel oder andere Saucen zur Ergänzung einer Brotbüchse zu transportieren
Verfügbar in 2 Größe, diese Saucendöschen schlüpfen in die Transporttasche oder direkt in den monbento Bento Boxen.";Heim & Garten > Küche & Esszimmer > Essens- & Getränkebehälter;Zubehör;https://www.monbento.de/bento-zubehor-saucendoschen-monbento-mb-temple-s-grau-coton-schwarz-onyx.html;https://www.monbento.com/media/resized/532/532//media/catalog/product/t/e/temple-s-coton-black-face.png;Neu;Auf Lager;5,90 €;;monbento;3760192686662;20010002;7,90 €
3488;Das Saucedöschen - MB Temple M schwarz;"Ob klein oder groß, laden sie sich die MB Temple Saucendöschen jeden Tag zu den Mittagessen der Lunchboxen Liebhaber ein um all die Wünsche an Beilage zu befriedigen. Ein unentbehrliches Bento Zubehör um Vinaigrette, Würzmittel oder andere Saucen zur Ergänzung einer Brotbüchse zu transportieren
Verfügbar in 2 Größe, diese Saucendöschen schlüpfen in die Transporttasche oder direkt in den monbento Bento Boxen.";Heim & Garten > Küche & Esszimmer > Essens- & Getränkebehälter;Zubehör;https://www.monbento.de/mb-temple-m-schwarz-saucendoschen.html;https://www.monbento.com/media/resized/532/532//media/catalog/product/m/o/monbento-accessoire-sauce-bento-box-mb-temple-m-noir.png;Neu;Auf Lager;5,90 €;;monbento;3760192682244;100502002;7,90 €
4451;Das Saucedöschen - MB Temple M Coton;"Ob klein oder groß, laden sie sich die MB Temple Saucendöschen jeden Tag zu den Mittagessen der Lunchboxen Liebhaber ein um all die Wünsche an Beilage zu befriedigen. Ein unentbehrliches Bento Zubehör um Vinaigrette, Würzmittel oder andere Saucen zur Ergänzung einer Brotbüchse zu transportieren
Verfügbar in 2 Größe, diese Saucendöschen schlüpfen in die Transporttasche oder direkt in den monbento Bento Boxen.";Heim & Garten > Küche & Esszimmer > Essens- & Getränkebehälter;Zubehör;https://www.monbento.de/mb-temple-m-coton-saucendoschen.html;https://www.monbento.com/media/wysiwyg/images-flux/monbento-sauce-cup-temple-grey-coton.jpg;Neu;Auf Lager;5,90 €;;monbento;3760192684217;100502011;7,90 €
4452;Das Saucedöschen - MB Temple M Denim;"Ob klein oder groß, laden sie sich die MB Temple Saucendöschen jeden Tag zu den Mittagessen der Lunchboxen Liebhaber ein um all die Wünsche an Beilage zu befriedigen. Ein unentbehrliches Bento Zubehör um Vinaigrette, Würzmittel oder andere Saucen zur Ergänzung einer Brotbüchse zu transportieren
Verfügbar in 2 Größe, diese Saucendöschen schlüpfen in die Transporttasche oder direkt in den monbento Bento Boxen.";Heim & Garten > Küche & Esszimmer > Essens- & Getränkebehälter;Zubehör;https://www.monbento.de/mb-temple-m-denim-saucendoschen.html;https://www.monbento.com/media/resized/532/532//media/catalog/product/m/o/monbento-sauce-cup-temple-blue-denim.png;Neu;Auf Lager;5,90 €;;monbento;3760192685511;100502020;7,90 €
4476;Das Saucedöschen - MB Temple M Blush;"Ob klein oder groß, laden sie sich die MB Temple Saucendöschen jeden Tag zu den Mittagessen der Lunchboxen Liebhaber ein um all die Wünsche an Beilage zu befriedigen. Ein unentbehrliches Bento Zubehör um Vinaigrette, Würzmittel oder andere Saucen zur Ergänzung einer Brotbüchse zu transportieren
Verfügbar in 2 Größe, diese Saucendöschen schlüpfen in die Transporttasche oder direkt in den monbento Bento Boxen.";Heim & Garten > Küche & Esszimmer > Essens- & Getränkebehälter;Zubehör;https://www.monbento.de/mb-temple-m-rosa-blush-saucendoschen.html;https://www.monbento.com/media/resized/532/532//media/catalog/product/m/o/monbento-sauce-cup-temple-pink-blush.png;Neu;Auf Lager;5,90 €;;monbento;3760192685498;100502126;7,90 €
4033;Das Saucedöschen - MB Temple M Litchi;"Ob klein oder groß, laden sie sich die MB Temple Saucendöschen jeden Tag zu den Mittagessen der Lunchboxen Liebhaber ein um all die Wünsche an Beilage zu befriedigen. Ein unentbehrliches Bento Zubehör um Vinaigrette, Würzmittel oder andere Saucen zur Ergänzung einer Brotbüchse zu transportieren
Verfügbar in 2 Größe, diese Saucendöschen schlüpfen in die Transporttasche oder direkt in den monbento Bento Boxen.";Heim & Garten > Küche & Esszimmer > Essens- & Getränkebehälter;Zubehör;https://www.monbento.de/mb-temple-m-litchi-saucendoschen.html;https://www.monbento.com/media/wysiwyg/images-flux/monbento-accessoire-sauce-bento-box-mb-temple-m-rose-litchi.jpg;Neu;Auf Lager;5,90 €;;monbento;3760192683456;100502066;7,90 €
3851;Das Saucedöschen - MB Temple M rosa;"Ob klein oder groß, laden sie sich die MB Temple Saucendöschen jeden Tag zu den Mittagessen der Lunchboxen Liebhaber ein um all die Wünsche an Beilage zu befriedigen. Ein unentbehrliches Bento Zubehör um Vinaigrette, Würzmittel oder andere Saucen zur Ergänzung einer Brotbüchse zu transportieren
Verfügbar in 2 Größe, diese Saucendöschen schlüpfen in die Transporttasche oder direkt in den monbento Bento Boxen.";Heim & Garten > Küche & Esszimmer > Essens- & Getränkebehälter;Zubehör;https://www.monbento.de/mb-temple-m-rosa-saucendoschen.html;https://www.monbento.com/media/resized/532/532//media/catalog/product/m/o/monbento-accessoire-sauce-bento-box-mb-temple-m-rose_1.png;Neu;Auf Lager;5,90 €;;monbento;3760192683098;100502006;7,90 €
3374;MB Kawaii fuchsia -Die eckigen Eierformen;Die Eierformen sind ganz neu in der monbento™ Produktpalette.;Heim & Garten > Küche & Esszimmer > Essens- & Getränkebehälter;Zubehör;https://www.monbento.de/eckige-eierform-fuchsia.html;https://www.monbento.com/media/resized/532/532//media/catalog/product/m/o/monbento-moules-a-_ufs-bento-mb-kawaii-fushia.png;Neu;Auf Lager;5,90 €;;monbento;3760192681728;100901003;7,90 €
3443;Die 3 für die MB Original geeignete Formen - MB Silicase grau + schwarz;Es gibt nicht besseres (und gesunderes) als ein hausgemachtes Gericht! Mit den MB Silicase Silikonformen Set, die speziell für den MB Original gestaltet wurde, können Sie alle Cakes, Kuchen und andere Rezepte direkt in der richtigen Größe backen und deshalb können Sie sie leicht überall mitnehmen. In das tägliche Leben können auch die zwei Formen die Lebensmittel in der Lunch box trennen! Was für ein kluges Bento Zubehör!;Heim & Garten > Küche & Esszimmer > Essens- & Getränkebehälter;Zubehör;https://www.monbento.de/mb-silicase-bento-silikonformen-grau-schwarz.html;https://www.monbento.com/media/resized/532/532//media/catalog/product/s/i/silicase-gris-exploded.png;Neu;Auf Lager;11,90 €;;monbento;3760192682220;100900001;7,90 €
4729;Pack Muttertag Flamingo : Bento Box + Besteck Set + Bento Tasche;"Der leichte, hübsche Farbton des Rosa Flamingo-Sets besteht aus einer Bento-Box mit einem Besteck-Set und einer Transporttasche, eine Geschenkidee, die zum Muttertag Begeisterung auslösen wird!
Dieses Set besteht aus:
- 1 x Bento-Box MB Original rosa Flamingo
- 1 x Bento Tasche MB Pochette rosa Flamingo
- 1 x Besteck Set MB Pocket grau Coton";Heim & Garten > Küche & Esszimmer > Essens- & Getränkebehälter;Pack bento;https://www.monbento.de/geschenkidee-muttertag-pack-lunch-box-brotdose-rosa-flamingo.html;https://www.monbento.de/media/resized/532/532//media/catalog/product/p/a/pack-flamingo.png;Neu;Auf Lager;67,70 €;54,10 €;monbento;aucun EAN;aucun MPN;7,90 €
4740;Pack Muttertag Blossom : Bento Box + Isotherme Flasche;"Der Muttertag ist die Gelegenheit, Ihrer Allerliebsten eine Reise zu den schönsten japanischen Gärten zu ermöglichen. Das blumengeschmückte Set Graphic Blossom mit Bento-Box und isothermer Flasche ist die perfekte Geschenkidee!
Dieses Set besteht aus:
- 1 x Bento-Box MB Square graphic Blossom
- 1 x Isotherme Flasche MB Steel graphic Blossom";Heim & Garten > Küche & Esszimmer > Essens- & Getränkebehälter;Pack bento;https://www.monbento.de/geschenkidee-muttertag-bento-box-brotdose-japanische-blumen-isotherme-flasche-blossom.html;https://www.monbento.de/media/resized/532/532//media/catalog/product/p/a/pack-blossom.png;Neu;Auf Lager;67,80 €;54,20 €;monbento;aucun EAN;aucun MPN;7,90 €
