identifiant;titre;description;catégorie de produits google;catégorie;lien;lien image;état;disponibilité;prix;prix soldé;marque;gtin;mpn;livraison
3930;The bento box Made in France - MB Original Wood / black Onyx;First-born product created by monbento, the MB Original bento box is the ideal partner for your daily lunches at the office, for your picnics and other meals on-the-go. Its design and its high-quality material that ensures a long-lasting use make it unique and it also distinguished itself with a soft touch finish. Available in different colours and patterns, it is 100% customizable! Choose the box which suits you!;Maison et jardin > Arts de la table et arts culinaires > Supports pour aliments et boissons > Sacs déjeuner et boites à  repas;Lunch box;https://us.monbento.com/en/bento-box-monbento-mb-original-wood-black.html;https://www.monbento.com/media/resized/532/532//media/catalog/product/m/o/monbento-mbo-bois-iso-532px.png;neuf;en stock;129,90 USD;;monbento;3760192685757;120002999;9,90 USD
4433;The bento box Made in France - MB Original Wood / pink Litchi;First-born product created by monbento, the MB Original bento box is the ideal partner for your daily lunches at the office, for your picnics and other meals on-the-go. Its design and its high-quality material that ensures a long-lasting use make it unique and it also distinguished itself with a soft touch finish. Available in different colours and patterns, it is 100% customizable! Choose the box which suits you!;Maison et jardin > Arts de la table et arts culinaires > Supports pour aliments et boissons > Sacs déjeuner et boites à  repas;Lunch box;https://us.monbento.com/en/bento-box-monbento-mb-original-litchi-wood.html;https://www.monbento.com/media/resized/532/532//media/catalog/product/b/e/bento-box-wood-pink.png;neuf;en stock;129,90 USD;;monbento;3760192685771;120001966;9,90 USD
4746;The lunch box Made in France - MB Original MB Original Top Wood / blue Crystal;First-born product created by monbento, the MB Original bento box is the ideal partner for your daily lunches at the office, for your picnics and other meals on-the-go. Its design and its high-quality material that ensures a long-lasting use make it unique and it also distinguished itself with a soft touch finish. Available in different colours and patterns, it is 100% customizable! Choose the box which suits you!;Maison et jardin > Arts de la table et arts culinaires > Supports pour aliments et boissons > Sacs déjeuner et boites à  repas;Lunch box;https://us.monbento.com/en/top-wood-bento-box-mb-original-blue-crystal.html;https://www.monbento.com/media/resized/532/532//media/catalog/product/m/b/mbo-bois-crystal-iso.png;neuf;en stock;74,90 USD;;monbento;aucun EAN;11003985;9,90 USD
4747;The lunch box Made in France - MB Original Top Wood / pink Flamingo;First-born product created by monbento, the MB Original bento box is the ideal partner for your daily lunches at the office, for your picnics and other meals on-the-go. Its design and its high-quality material that ensures a long-lasting use make it unique and it also distinguished itself with a soft touch finish. Available in different colours and patterns, it is 100% customizable! Choose the box which suits you!;Maison et jardin > Arts de la table et arts culinaires > Supports pour aliments et boissons > Sacs déjeuner et boites à  repas;Lunch box;https://us.monbento.com/en/top-wood-bento-box-mb-original-pink-flamingo.html;https://www.monbento.com/media/resized/532/532//media/catalog/product/m/b/mbo-bois-flamingo-iso.png;neuf;en stock;74,90 USD;;monbento;aucun EAN;11003986;9,90 USD
4730;The lunch box Made in France - MB Original graphic Ginkgo;First-born product created by monbento, the MB Original bento box is the ideal partner for your daily lunches at the office, for your picnics and other meals on-the-go. Its design and its high-quality material that ensures a long-lasting use make it unique and it also distinguished itself with a soft touch finish. Available in different colours and patterns, it is 100% customizable! Choose the box which suits you!;Maison et jardin > Arts de la table et arts culinaires > Supports pour aliments et boissons > Sacs déjeuner et boites à  repas;Lunch box;https://us.monbento.com/en/bento-box-monbento-mb-original-ginkgo-japanese-pattern-made-in-france-pink.html;https://www.monbento.com/media/resized/532/532//media/catalog/product/m/b/mbo-spring-ginkgo-iso.png;neuf;en stock;42,90 USD;;monbento;3760192687058;11124016;9,90 USD
4731;The lunch box Made in France - MB Original graphic Neko;First-born product created by monbento, the MB Original bento box is the ideal partner for your daily lunches at the office, for your picnics and other meals on-the-go. Its design and its high-quality material that ensures a long-lasting use make it unique and it also distinguished itself with a soft touch finish. Available in different colours and patterns, it is 100% customizable! Choose the box which suits you!;Maison et jardin > Arts de la table et arts culinaires > Supports pour aliments et boissons > Sacs déjeuner et boites à  repas;Lunch box;https://us.monbento.com/en/bento-box-monbento-mb-original-maneki-neko-japanese-pattern-made-in-france-traditional-cat-red.html;https://www.monbento.com/media/resized/532/532//media/catalog/product/m/b/mbo-spring-neko-iso.png;neuf;en stock;42,90 USD;;monbento;3760192687065;11124017;9,90 USD
4677;The bento box Made in France - MB Original graphic Romantic;First-born product created by monbento, the MB Original bento box is the ideal partner for your daily lunches at the office, for your picnics and other meals on-the-go. Its design and its high-quality material that ensures a long-lasting use make it unique and it also distinguished itself with a soft touch finish. Available in different colours and patterns, it is 100% customizable! Choose the box which suits you!;Maison et jardin > Arts de la table et arts culinaires > Supports pour aliments et boissons > Sacs déjeuner et boites à  repas;Lunch box;https://us.monbento.com/en/valentine-day-gift-idea-bento-flowers.html;https://www.monbento.com/media/resized/532/532//media/catalog/product/m/b/mbo-stvalentin2020-iso.png;neuf;en stock;42,90 USD;;monbento;3760192686938;11128004;9,90 USD
4647;The lunch box Made in France -MB Original graphic Strawberry ;First-born product created by monbento, the MB Original bento box is the ideal partner for your daily lunches at the office, for your picnics and other meals on-the-go. Its design and its high-quality material that ensures a long-lasting use make it unique and it also distinguished itself with a soft touch finish. Available in different colours and patterns, it is 100% customizable! Choose the box which suits you!;Maison et jardin > Arts de la table et arts culinaires > Supports pour aliments et boissons > Sacs déjeuner et boites à  repas;Lunch box;https://us.monbento.com/en/bento-box-monbento-mb-original-graphic-strawberry-lunch-box-made-in-france.html;https://www.monbento.com/media/resized/532/532//media/catalog/product/m/b/mbo-star-edition-strawberry-iso.png;neuf;en stock;42,90 USD;;monbento;3760192686419;11124013;9,90 USD
4334;The bento lunch box Made in France - MB Original graphic Jungle;First-born product created by monbento, the MB Original bento box is the ideal partner for your daily lunches at the office, for your picnics and other meals on-the-go. Its design and its high-quality material that ensures a long-lasting use make it unique and it also distinguished itself with a soft touch finish. Available in different colours and patterns, it is 100% customizable! Choose the box which suits you!;Maison et jardin > Arts de la table et arts culinaires > Supports pour aliments et boissons > Sacs déjeuner et boites à  repas;Lunch box;https://us.monbento.com/en/bento-box-monbento-mb-original-jungle-made-in-france.html;https://www.monbento.com/media/resized/532/532//media/catalog/product/m/b/mbo-jungle-iso.png;neuf;en stock;42,90 USD;;monbento;3760192683777;100001430;9,90 USD
4424;The bento box Made in France - MB Original graphic Blossom;First-born product created by monbento, the MB Original bento box is the ideal partner for your daily lunches at the office, for your picnics and other meals on-the-go. Its design and its high-quality material that ensures a long-lasting use make it unique and it also distinguished itself with a soft touch finish. Available in different colours and patterns, it is 100% customizable! Choose the box which suits you!;Maison et jardin > Arts de la table et arts culinaires > Supports pour aliments et boissons > Sacs déjeuner et boites à  repas;Lunch box;https://us.monbento.com/en/bento-box-monbento-mb-original-blossom-made-in-france.html;https://www.monbento.com/media/resized/532/532//media/catalog/product/m/b/mbo-blossom-iso.png;neuf;en stock;42,90 USD;;monbento;3760192685290;100001333;9,90 USD
4643;The lunch box Made in France - MB Original pink Flamingo;First-born product created by monbento, the MB Original bento box is the ideal partner for your daily lunches at the office, for your picnics and other meals on-the-go. Its design and its high-quality material that ensures a long-lasting use make it unique and it also distinguished itself with a soft touch finish. Available in different colours and patterns, it is 100% customizable! Choose the box which suits you!;Maison et jardin > Arts de la table et arts culinaires > Supports pour aliments et boissons > Sacs déjeuner et boites à  repas;Lunch box;https://us.monbento.com/en/bento-box-monbento-mb-original-pink-flamingo-made-in-france.html;https://www.monbento.com/media/resized/532/532//media/catalog/product/m/b/mbo-flamingo-iso.png;neuf;en stock;39,90 USD;;monbento;3760192686556;11120022;9,90 USD
4644;The lunch box Made in France - MB Original blue Crystal;First-born product created by monbento, the MB Original bento box is the ideal partner for your daily lunches at the office, for your picnics and other meals on-the-go. Its design and its high-quality material that ensures a long-lasting use make it unique and it also distinguished itself with a soft touch finish. Available in different colours and patterns, it is 100% customizable! Choose the box which suits you!;Maison et jardin > Arts de la table et arts culinaires > Supports pour aliments et boissons > Sacs déjeuner et boites à  repas;Lunch box;https://us.monbento.com/en/bento-lunch-box-monbento-mb-original-blue-crystal-made-in-france.html;https://www.monbento.com/media/resized/532/532//media/catalog/product/m/b/mbo-crystal-iso_1.png;neuf;en stock;39,90 USD;;monbento;3760192686549;11120018;9,90 USD
4645;The bento box Made in France - MB Original green Lagoon;First-born product created by monbento, the MB Original bento box is the ideal partner for your daily lunches at the office, for your picnics and other meals on-the-go. Its design and its high-quality material that ensures a long-lasting use make it unique and it also distinguished itself with a soft touch finish. Available in different colours and patterns, it is 100% customizable! Choose the box which suits you!;Maison et jardin > Arts de la table et arts culinaires > Supports pour aliments et boissons > Sacs déjeuner et boites à  repas;Lunch box;https://us.monbento.com/en/lunch-box-monbento-mb-original-green-lagoon-made-in-france.html;https://www.monbento.com/media/resized/532/532//media/catalog/product/m/b/mbo-lagoon-iso.png;neuf;en stock;39,90 USD;;monbento;3760192686570;11120025;9,90 USD
4646;The lunch box Made in France -MB Original orange Tropical;First-born product created by monbento, the MB Original bento box is the ideal partner for your daily lunches at the office, for your picnics and other meals on-the-go. Its design and its high-quality material that ensures a long-lasting use make it unique and it also distinguished itself with a soft touch finish. Available in different colours and patterns, it is 100% customizable! Choose the box which suits you!;Maison et jardin > Arts de la table et arts culinaires > Supports pour aliments et boissons > Sacs déjeuner et boites à  repas;Lunch box;https://us.monbento.com/en/lunch-box-bento-monbento-mb-original-orange-tropical-made-in-france.html;https://www.monbento.com/media/resized/532/532//media/catalog/product/m/b/mbo-orangetropical-iso.png;neuf;en stock;39,90 USD;;monbento;3760192686563;11120024;9,90 USD
4099;The bento lunch box Made in France - MB Original black Onyx;First-born product created by monbento, the MB Original bento box is the ideal partner for your daily lunches at the office, for your picnics and other meals on-the-go. Its design and its high-quality material that ensures a long-lasting use make it unique and it also distinguished itself with a soft touch finish. Available in different colours and patterns, it is 100% customizable! Choose the box which suits you!;Maison et jardin > Arts de la table et arts culinaires > Supports pour aliments et boissons > Sacs déjeuner et boites à  repas;Lunch box;https://us.monbento.com/en/bento-box-monbento-mb-original-black-made-in-france.html;https://www.monbento.com/media/resized/532/532//media/catalog/product/m/b/mbo-black-iso_2.png;neuf;en stock;39,90 USD;;monbento;3760192683685;120001102;9,90 USD
4107;The lunch box Made in France -MB Original grey Coton;First-born product created by monbento, the MB Original bento box is the ideal partner for your daily lunches at the office, for your picnics and other meals on-the-go. Its design and its high-quality material that ensures a long-lasting use make it unique and it also distinguished itself with a soft touch finish. Available in different colours and patterns, it is 100% customizable! Choose the box which suits you!;Maison et jardin > Arts de la table et arts culinaires > Supports pour aliments et boissons > Sacs déjeuner et boites à  repas;Lunch box;https://us.monbento.com/en/bento-box-monbento-mb-original-coton-made-in-france.html;https://www.monbento.com/media/resized/532/532//media/catalog/product/m/b/mbo-coton-iso.png;neuf;en stock;39,90 USD;;monbento;3760192683746;120011110;9,90 USD
4332;The bento lunch box Made in France - MB Original blue Denim;First-born product created by monbento, the MB Original bento box is the ideal partner for your daily lunches at the office, for your picnics and other meals on-the-go. Its design and its high-quality material that ensures a long-lasting use make it unique and it also distinguished itself with a soft touch finish. Available in different colours and patterns, it is 100% customizable! Choose the box which suits you!;Maison et jardin > Arts de la table et arts culinaires > Supports pour aliments et boissons > Sacs déjeuner et boites à  repas;Lunch box;https://us.monbento.com/en/bento-box-monbento-mb-original-denim-made-in-france.html;https://www.monbento.com/media/resized/532/532//media/catalog/product/m/b/mbo-denim-iso.png;neuf;en stock;39,90 USD;;monbento;3760192684132;120001120;9,90 USD
4469;The lunch box Made in France - MB Original pink Blush;First-born product created by monbento, the MB Original bento box is the ideal partner for your daily lunches at the office, for your picnics and other meals on-the-go. Its design and its high-quality material that ensures a long-lasting use make it unique and it also distinguished itself with a soft touch finish. Available in different colours and patterns, it is 100% customizable! Choose the box which suits you!;Maison et jardin > Arts de la table et arts culinaires > Supports pour aliments et boissons > Sacs déjeuner et boites à  repas;Lunch box;https://us.monbento.com/en/bento-box-monbento-mb-original-blush-made-in-france.html;https://www.monbento.com/media/resized/532/532//media/catalog/product/m/b/mbo-blush-iso.png;neuf;en stock;39,90 USD;;monbento;3760192685368;120001126;9,90 USD
4653;The bento box Made in France - MB Original 2019 graphic Blossom;First-born product created by monbento, the MB Original bento box is the ideal partner for your daily lunches at the office, for your picnics and other meals on-the-go. Its design and its high-quality material that ensures a long-lasting use make it unique and it also distinguished itself with a soft touch finish. Available in different colours and patterns, it is 100% customizable! Choose the box which suits you!;Maison et jardin > Arts de la table et arts culinaires > Supports pour aliments et boissons > Sacs déjeuner et boites à  repas;Lunch box;https://us.monbento.com/en/bento-box-monbento-mb-original-blossom-made-in-france-2019.html;https://www.monbento.com/media/resized/532/532//media/catalog/product/m/b/mb-original-bento-box-blossom-japanese-flower-monbento.png;neuf;en stock;42,90 USD;;monbento;3760192685290;100001333-P;9,90 USD
4104;The bento lunch box Made in France -MB Original 2019 pink Litchi;First-born product created by monbento, the MB Original bento box is the ideal partner for your daily lunches at the office, for your picnics and other meals on-the-go. Its design and its high-quality material that ensures a long-lasting use make it unique and it also distinguished itself with a soft touch finish. Available in different colours and patterns, it is 100% customizable! Choose the box which suits you!;Maison et jardin > Arts de la table et arts culinaires > Supports pour aliments et boissons > Sacs déjeuner et boites à  repas;Lunch box;https://us.monbento.com/en/bento-box-monbento-mb-original-litchi-made-in-france.html;https://www.monbento.com/media/wysiwyg/images-flux/bento-box-monbento-lunch-box-mb-original-litchi.jpg;neuf;en stock;39,90 USD;;monbento;3760192683739;120011106;9,90 USD
4468;The bento lunch box Made in France -MB Original 2019 orange Brique;First-born product created by monbento, the MB Original bento box is the ideal partner for your daily lunches at the office, for your picnics and other meals on-the-go. Its design and its high-quality material that ensures a long-lasting use make it unique and it also distinguished itself with a soft touch finish. Available in different colours and patterns, it is 100% customizable! Choose the box which suits you!;Maison et jardin > Arts de la table et arts culinaires > Supports pour aliments et boissons > Sacs déjeuner et boites à  repas;Lunch box;https://us.monbento.com/en/bento-box-monbento-mb-original-brique-made-in-france.html;https://www.monbento.com/media/resized/532/532//media/catalog/product/m/b/mb-original-bento-box-orange-brique-monbento_1.png;neuf;en stock;39,90 USD;;monbento;3760192685351;120001123;9,90 USD
4649;The lunch box Made in France - MB Original 2019 grey Coton;First-born product created by monbento, the MB Original bento box is the ideal partner for your daily lunches at the office, for your picnics and other meals on-the-go. Its design and its high-quality material that ensures a long-lasting use make it unique and it also distinguished itself with a soft touch finish. Available in different colours and patterns, it is 100% customizable! Choose the box which suits you!;Maison et jardin > Arts de la table et arts culinaires > Supports pour aliments et boissons > Sacs déjeuner et boites à  repas;Lunch box;https://us.monbento.com/en/bento-box-monbento-mb-original-coton-made-in-france-2019.html;https://www.monbento.com/media/resized/532/532//media/catalog/product/b/e/bento-bpx-mb-original-lunch-box-coton.png;neuf;en stock;39,90 USD;;monbento;3760192683746;120011110-P;9,90 USD
4684;The large lunch container bento -  MB Square graphic Jungle;Almost twice as big as the MB Original, the MB Square bento box is ready to satisfy the appetite of food lovers! This lunch box is not only perfect too bring your meals at the office but also for summer picnics thanks to her two containers which can receive generous salads and nourishing sandwiches for the whole family.;Maison et jardin > Arts de la table et arts culinaires > Supports pour aliments et boissons > Sacs déjeuner et boites à  repas;Lunch box;https://us.monbento.com/en/bento-lunchbox-monbento-mb-square-graphic-green-jungle.html;https://www.monbento.co.uk/media/resized/532/532//media/catalog/product/s/q/square-jungle-iso.png;neuf;en stock;34,90 USD;;monbento;3760192686952;13014001;9,90 USD
4674;The large lunch container bento -  MB Square graphic Blossom;Almost twice as big as the MB Original, the MB Square bento box is ready to satisfy the appetite of food lovers! This lunch box is not only perfect too bring your meals at the office but also for summer picnics thanks to her two containers which can receive generous salads and nourishing sandwiches for the whole family.;Maison et jardin > Arts de la table et arts culinaires > Supports pour aliments et boissons > Sacs déjeuner et boites à  repas;Lunch box;https://us.monbento.com/en/lunchbox-bento-monbento-mb-square-blossom-flowers.html;https://www.monbento.com/media/resized/532/532//media/catalog/product/s/q/square-blossom-iso.png;neuf;en stock;34,90 USD;;monbento;3760192686648;13014002;9,90 USD
3484;The large lunch container bento -  MB Square black Onyx;Almost twice as big as the MB Original, the MB Square bento box is ready to satisfy the appetite of food lovers! This lunch box is not only perfect too bring your meals at the office but also for summer picnics thanks to her two containers which can receive generous salads and nourishing sandwiches for the whole family.;Maison et jardin > Arts de la table et arts culinaires > Supports pour aliments et boissons > Sacs déjeuner et boites à  repas;Lunch box;https://us.monbento.com/en/mb-square-black-bento-box.html;https://www.monbento.com/media/resized/532/532//media/catalog/product/m/o/monbento-grande-boite-bento-mb-square-noire.png;neuf;en stock;29,90 USD;;monbento;3760192681933;120003002;9,90 USD
4328;The large bento bento box - MB Square blue Denim;Almost twice as big as the MB Original, the MB Square bento box is ready to satisfy the appetite of food lovers! This lunch box is not only perfect too bring your meals at the office but also for summer picnics thanks to her two containers which can receive generous salads and nourishing sandwiches for the whole family.;Maison et jardin > Arts de la table et arts culinaires > Supports pour aliments et boissons > Sacs déjeuner et boites à  repas;Lunch box;https://us.monbento.com/en/square-bento-box-mb-square-denim.html;https://www.monbento.com/media/resized/532/532//media/catalog/product/m/o/monbento-large-bento-mb-square-denim-blue-bleu-azul-blau-blu.png;neuf;en stock;29,90 USD;;monbento;3760192684156;120003020;9,90 USD
4472;The large lunch box bento - MB Square pink Blush;Almost twice as big as the MB Original, the MB Square bento box is ready to satisfy the appetite of food lovers! This lunch box is not only perfect too bring your meals at the office but also for summer picnics thanks to her two containers which can receive generous salads and nourishing sandwiches for the whole family.;Maison et jardin > Arts de la table et arts culinaires > Supports pour aliments et boissons > Sacs déjeuner et boites à  repas;Lunch box;https://us.monbento.com/en/square-bento-box-mb-square-pink-blush.html;https://www.monbento.com/media/resized/532/532//media/catalog/product/l/a/large-bento-box-pink-mb-square-blush-monbento.png;neuf;en stock;29,90 USD;;monbento;3760192685436;120003126;9,90 USD
3988;The large lunch container bento - MB Square pink Litchi;Almost twice as big as the MB Original, the MB Square bento box is ready to satisfy the appetite of food lovers! This lunch box is not only perfect too bring your meals at the office but also for summer picnics thanks to her two containers which can receive generous salads and nourishing sandwiches for the whole family.;Maison et jardin > Arts de la table et arts culinaires > Supports pour aliments et boissons > Sacs déjeuner et boites à  repas;Lunch box;https://us.monbento.com/en/square-bento-box-mb-square-litchi.html;https://www.monbento.com/media/resized/532/532//media/catalog/product/m/o/monbento-grande-boite-bento-mb-square-rose-litchi.png;neuf;en stock;29,90 USD;;monbento;3760192683371;120003066;9,90 USD
4097;The large bento bento box - MB Square grey Coton;Almost twice as big as the MB Original, the MB Square bento box is ready to satisfy the appetite of food lovers! This lunch box is not only perfect too bring your meals at the office but also for summer picnics thanks to her two containers which can receive generous salads and nourishing sandwiches for the whole family.;Maison et jardin > Arts de la table et arts culinaires > Supports pour aliments et boissons > Sacs déjeuner et boites à  repas;Lunch box;https://us.monbento.com/en/square-bento-box-mb-square-coton.html;https://www.monbento.com/media/resized/532/532//media/catalog/product/m/o/monbento-bento-mb-square-coton-lunch-box.png;neuf;en stock;29,90 USD;;monbento;3760192683678;120013110;9,90 USD
3486;The large bento bento box - MB Square grey Meteorite;Almost twice as big as the MB Original, the MB Square bento box is ready to satisfy the appetite of food lovers! This lunch box is not only perfect too bring your meals at the office but also for summer picnics thanks to her two containers which can receive generous salads and nourishing sandwiches for the whole family.;Maison et jardin > Arts de la table et arts culinaires > Supports pour aliments et boissons > Sacs déjeuner et boites à  repas;Lunch box;https://us.monbento.com/en/mb-square-grey-bento-box.html;https://www.monbento.com/media/resized/532/532//media/catalog/product/m/o/monbento-grande-boite-bento-mb-square-gris.png;neuf;en stock;29,90 USD;;monbento;3760192682510;120003010;9,90 USD
3615;The insulated lunch box - MB Element metallic Silver;Fridge and microwaves are no longer needed: the MB Element bento box keeps food warm or cold up to 5 hours! Airtight and easy to carry, this insulated lunch box will follow you in all your adventures!;Maison et jardin > Arts de la table et arts culinaires > Supports pour aliments et boissons > Sacs déjeuner et boites à  repas;Lunch box;https://us.monbento.com/en/insulated-bento-box-monbento-mb-element-silver.html;https://www.monbento.co.uk/media/resized/532/532//media/catalog/product/i/n/insulated-bento-lunch-box-isotherme.png;neuf;en stock;49,90 USD;;monbento;3760192682923;400001000;9,90 USD
4338;The insulated lunch box - MB Element black Onyx;Fridge and microwaves are no longer needed: the MB Element bento box keeps food warm or cold up to 5 hours! Airtight and easy to carry, this insulated lunch box will follow you in all your adventures!;Maison et jardin > Arts de la table et arts culinaires > Supports pour aliments et boissons > Sacs déjeuner et boites à  repas;Lunch box;https://us.monbento.com/en/insulated-bento-box-mb-element-onyx.html;https://www.monbento.co.uk/media/resized/532/532//media/catalog/product/m/o/monbento-insulated-isotherme-lunch-box-bento.png;neuf;en stock;49,90 USD;;monbento;3760192682930;400001002;9,90 USD
4419;The insulated lunch box - MB Element pink Litchi;Fridge and microwaves are no longer needed: the MB Element bento box keeps food warm or cold up to 5 hours! Airtight and easy to carry, this insulated lunch box will follow you in all your adventures!;Maison et jardin > Arts de la table et arts culinaires > Supports pour aliments et boissons > Sacs déjeuner et boites à  repas;Lunch box;https://us.monbento.com/en/insulated-bento-box-mb-element-litchi.html;https://www.monbento.com/media/wysiwyg/images-flux/monbento-insulated-isotherme-lunch-box-bento-crepe-pink-rose-rosa.jpg;neuf;en stock;49,90 USD;;monbento;3760192685207;25024002;9,90 USD
4678;The small insulated lunch box  - MB Capsule graphic Blossom;For a tasty treat at any time or place – whether a sweet or savoury snack, complete a meal or a delicious dessert – always be sure to hit the spot. With its ideal dimensions for small portions and its capacity to keep food hot or cold up to 5 hours (depending on contents and method of use), the MB Capsule small insulated lunch box is perfect for any meal or snack!;Maison et jardin > Arts de la table et arts culinaires > Supports pour aliments et boissons > Sacs déjeuner et boites à  repas;Lunch box;https://us.monbento.com/en/small-insulated-bento-box-monbento-mb-capsule-flower-blossom.html;https://www.monbento.co.uk/media/resized/532/532//media/catalog/product/c/a/capsule-face-532px.png;neuf;en stock;29,90 USD;;monbento;3760192686754;400003102;9,90 USD
4612;The small insulated lunch box  - MB Capsule graphic Jungle;For a tasty treat at any time or place – whether a sweet or savoury snack, complete a meal or a delicious dessert – always be sure to hit the spot. With its ideal dimensions for small portions and its capacity to keep food hot or cold up to 5 hours (depending on contents and method of use), the MB Capsule small insulated lunch box is perfect for any meal or snack!;Maison et jardin > Arts de la table et arts culinaires > Supports pour aliments et boissons > Sacs déjeuner et boites à  repas;Lunch box;https://us.monbento.com/en/small-insulated-lunch-box-mb-capsule-jungle.html;https://www.monbento.com/media/resized/532/532//media/catalog/product/c/a/capsule-jungle-face.png;neuf;en stock;29,90 USD;;monbento;3760192686402;28010026;9,90 USD
4639;The to-go bowl - MB Lib pink Blush;Revolution! Bring your soup wherever you want without accident risks! Thanks to its lid which has a large screw thread and a silicon seal, the MB Lib bowl is 100% airtight! A good solution to vary your pleasures when having lunch at the office. And great news for those with a sweet tooth: cereals and other tasty drinks can be carried in the MB Lib! ;Maison et jardin > Arts de la table et arts culinaires > Supports pour aliments et boissons > Sacs déjeuner et boites à  repas;Lunch box;https://us.monbento.com/en/airtight-bowl-carry-soup-monbento-mb-lib-pink-blush.html;https://www.monbento.co.uk/media/resized/532/532//media/catalog/product/l/i/lib-blush-ferme-iso.png;neuf;en stock;21,90 USD;;monbento;3760192686655;28010026;9,90 USD
3493;The to-go bowl - MB Lib black Onyx;Revolution! Bring your soup wherever you want without accident risks! Thanks to its lid which has a large screw thread and a silicon seal, the MB Lib bowl is 100% airtight! A good solution to vary your pleasures when having lunch at the office. And great news for those with a sweet tooth: cereals and other tasty drinks can be carried in the MB Lib! ;Maison et jardin > Arts de la table et arts culinaires > Supports pour aliments et boissons > Sacs déjeuner et boites à  repas;Lunch box;https://us.monbento.com/en/mb-lib-black-airtight-bowl.html;https://www.monbento.co.uk/media/resized/532/532//media/catalog/product/m/o/monbento-mb-lib-bowl-soup-bol-scodella-schale-black_1.png;neuf;en stock;21,90 USD;;monbento;3760192682084;101103002;9,90 USD
4630;The kid’s bento box - MB Tresor graphic Bunny;At school, at the gym or outdoors: Kids can now eat wherever they want too thanks to the MB Tresor lunch box. This kids’ lunch box is specially designed for the little gourmets on-the-go and enables to protect, transport, and eat alone good complete meals. In addition, it is customizable!;Maison et jardin > Arts de la table et arts culinaires > Supports pour aliments et boissons > Sacs déjeuner et boites à  repas;Lunch box;https://us.monbento.com/en/lunch-box-kids-bento-box-kids-monbento-mb-tresor-bunny.html;https://www.monbento.com/media/resized/532/532//media/catalog/product/t/r/tresor-bunny-iso_2.png;neuf;en stock;24,90 USD;;monbento;3760192686761;17014012;9,90 USD
4631;The kid’s lunch box - MB Tresor pink Blush;At school, at the gym or outdoors: Kids can now eat wherever they want too thanks to the MB Tresor lunch box. This kids’ lunch box is specially designed for the little gourmets on-the-go and enables to protect, transport, and eat alone good complete meals. In addition, it is customizable!;Maison et jardin > Arts de la table et arts culinaires > Supports pour aliments et boissons > Sacs déjeuner et boites à  repas;Lunch box;https://us.monbento.com/en/lunch-box-children-bento-box-children-monbento-mb-tresor-pink-blush.html;https://www.monbento.com/media/resized/532/532//media/catalog/product/t/r/tresor-blush-iso_2.png;neuf;en stock;21,90 USD;;monbento;3760192686709;17010029;9,90 USD
4632;The kid’s bento box - MB Tresor blue Infinity;At school, at the gym or outdoors: Kids can now eat wherever they want too thanks to the MB Tresor lunch box. This kids’ lunch box is specially designed for the little gourmets on-the-go and enables to protect, transport, and eat alone good complete meals. In addition, it is customizable!;Maison et jardin > Arts de la table et arts culinaires > Supports pour aliments et boissons > Sacs déjeuner et boites à  repas;Lunch box;https://us.monbento.com/en/lunch-box-kids-bento-box-kids-monbento-mb-tresor-blue-infinity.html;https://www.monbento.com/media/resized/532/532//media/catalog/product/t/r/tresor-infinity-iso.png;neuf;en stock;21,90 USD;;monbento;3760192686693;17010028;9,90 USD
4321;The kid’s bento lunch box - MB Tresor yellow Moutarde;At school, at the gym or outdoors: Kids can now eat wherever they want too thanks to the MB Tresor lunch box. This kids’ lunch box is specially designed for the little gourmets on-the-go and enables to protect, transport, and eat alone good complete meals. In addition, it is customizable!;Maison et jardin > Arts de la table et arts culinaires > Supports pour aliments et boissons > Sacs déjeuner et boites à  repas;Lunch box;https://us.monbento.com/en/kid-bento-box-mb-tresor-moutarde.html;https://www.monbento.com/media/resized/532/532//media/catalog/product/m/o/monbento-bento-kids-enfant-children-bambini-ninos-kinder-moutarde_2.png;neuf;en stock;21,90 USD;;monbento;3760192684255;300001021;9,90 USD
3992;The kid’s lunch box - MB Tresor blue Iceberg;At school, at the gym or outdoors: Kids can now eat wherever they want too thanks to the MB Tresor lunch box. This kids’ lunch box is specially designed for the little gourmets on-the-go and enables to protect, transport, and eat alone good complete meals. In addition, it is customizable!;Maison et jardin > Arts de la table et arts culinaires > Supports pour aliments et boissons > Sacs déjeuner et boites à  repas;Lunch box;https://us.monbento.com/en/kid-bento-box-mb-tresor-iceberg.html;https://www.monbento.com/media/resized/532/532//media/catalog/product/m/o/monbento-lunch-box-boite-bento-enfants-mb-tresor-iceberg-bleu.png;neuf;en stock;21,90 USD;;monbento;3760192683531;300001119;9,90 USD
3991;The kid’s bento box - MB Tresor pink Litchi;At school, at the gym or outdoors: Kids can now eat wherever they want too thanks to the MB Tresor lunch box. This kids’ lunch box is specially designed for the little gourmets on-the-go and enables to protect, transport, and eat alone good complete meals. In addition, it is customizable!;Maison et jardin > Arts de la table et arts culinaires > Supports pour aliments et boissons > Sacs déjeuner et boites à  repas;Lunch box;https://us.monbento.com/en/kid-bento-box-mb-tresor-litchi.html;https://www.monbento.com/media/resized/532/532//media/catalog/product/m/o/monbento-lunch-box-boite-bento-enfants-mb-tresor-litchi-rose.png;neuf;en stock;21,90 USD;;monbento;3760192683524;300001166;9,90 USD
4479;The kid’s bento lunch box - MB Tresor green Apple;At school, at the gym or outdoors: Kids can now eat wherever they want too thanks to the MB Tresor lunch box. This kids’ lunch box is specially designed for the little gourmets on-the-go and enables to protect, transport, and eat alone good complete meals. In addition, it is customizable!;Maison et jardin > Arts de la table et arts culinaires > Supports pour aliments et boissons > Sacs déjeuner et boites à  repas;Lunch box;https://us.monbento.com/en/kid-bento-box-mb-tresor-green-apple.html;https://www.monbento.com/media/resized/532/532//media/catalog/product/b/e/bento-kids-mb-tresor-green-apple.png;neuf;en stock;21,90 USD;;monbento;3760192685542;300001255;9,90 USD
4638;The snack box -  MB Gram pink Blush;"Are you hungry? What better than a snack box slipped in your handbag to protect and transport a good complete snack?
Compact and reliable, the MB Gram snack box is the perfect companion for young and old sweet breaks lovers.
In addition, it is customizable! No more snacks unfortunately swapped in the school lobby, in the playground, sports or at the office!";Maison et jardin > Arts de la table et arts culinaires > Supports pour aliments et boissons > Sacs déjeuner et boites à  repas;Boîte à goûter;https://us.monbento.com/en/snack-box-for-kids-monbento-mb-gram-pink-blush.html;https://www.monbento.com/media/resized/532/532//media/catalog/product/g/r/gram-blush-pers.png;neuf;en stock;15,90 USD;;monbento;3760192686723;16010029;9,90 USD
4637;The snack box - MB Gram blue Infinity;"Are you hungry? What better than a snack box slipped in your handbag to protect and transport a good complete snack?
Compact and reliable, the MB Gram snack box is the perfect companion for young and old sweet breaks lovers.
In addition, it is customizable! No more snacks unfortunately swapped in the school lobby, in the playground, sports or at the office!";Maison et jardin > Arts de la table et arts culinaires > Supports pour aliments et boissons > Sacs déjeuner et boites à  repas;Boîte à goûter;https://us.monbento.com/en/snack-box-kids-monbento-mb-gram-blue-infinity.html;https://www.monbento.com/media/resized/532/532//media/catalog/product/g/r/gram-bleuinfinity-pers.png;neuf;en stock;15,90 USD;;monbento;3760192686716;16010028;9,90 USD
4322;The snack box bpa free -MB Gram yellow Moutarde;"Are you hungry? What better than a snack box slipped in your handbag to protect and transport a good complete snack?
Compact and reliable, the MB Gram snack box is the perfect companion for young and old sweet breaks lovers.
In addition, it is customizable! No more snacks unfortunately swapped in the school lobby, in the playground, sports or at the office!";Maison et jardin > Arts de la table et arts culinaires > Supports pour aliments et boissons > Sacs déjeuner et boites à  repas;Boîte à goûter;https://us.monbento.com/en/snack-box-mb-gram-moutarde.html;https://www.monbento.com/media/resized/532/532//media/catalog/product/m/o/monbento-mb-gram-jaune-yellow-giallo-amarillo-gelb_1.png;neuf;en stock;15,90 USD;;monbento;3760192684309;300002021;9,90 USD
3993;The snack box -  MB Gram pink Litchi;"Are you hungry? What better than a snack box slipped in your handbag to protect and transport a good complete snack?
Compact and reliable, the MB Gram snack box is the perfect companion for young and old sweet breaks lovers.
In addition, it is customizable! No more snacks unfortunately swapped in the school lobby, in the playground, sports or at the office!";Maison et jardin > Arts de la table et arts culinaires > Supports pour aliments et boissons > Sacs déjeuner et boites à  repas;Boîte à goûter;https://us.monbento.com/en/snack-box-mb-gram-litchi.html;https://www.monbento.com/media/wysiwyg/images-flux/monbento-boite-gouter-sans-bpa-mb-gram-litchi-rose.jpg;neuf;en stock;15,90 USD;;monbento;3760192683555;300002166;9,90 USD
4480;The snack box - MB Gram green Apple;"Are you hungry? What better than a snack box slipped in your handbag to protect and transport a good complete snack?
Compact and reliable, the MB Gram snack box is the perfect companion for young and old sweet breaks lovers.
In addition, it is customizable! No more snacks unfortunately swapped in the school lobby, in the playground, sports or at the office!";Maison et jardin > Arts de la table et arts culinaires > Supports pour aliments et boissons > Sacs déjeuner et boites à  repas;Boîte à goûter;https://us.monbento.com/en/snack-box-mb-gram-green-apple.html;https://www.monbento.com/media/wysiwyg/images-flux/snack-box-kids-green-mb-gram-apple-monbento.jpg;neuf;en stock;15,90 USD;;monbento;3760192685559;300002255;9,90 USD
3994;The snack box - MB Gram blue Iceberg ;"Are you hungry? What better than a snack box slipped in your handbag to protect and transport a good complete snack?
Compact and reliable, the MB Gram snack box is the perfect companion for young and old sweet breaks lovers.
In addition, it is customizable! No more snacks unfortunately swapped in the school lobby, in the playground, sports or at the office!";Maison et jardin > Arts de la table et arts culinaires > Supports pour aliments et boissons > Sacs déjeuner et boites à  repas;Boîte à goûter;https://us.monbento.com/en/snack-box-mb-gram-iceberg.html;https://www.monbento.com/media/resized/532/532//media/catalog/product/m/o/monbento-boite-gouter-sans-bpa-mb-gram-iceberg-bleu.png;neuf;en stock;15,90 USD;;monbento;3760192683562;300002119;9,90 USD
4633;The 50cl bottle - MB Positive M pink Flamingo;"Easy to slip in a bag, perfectly airtight and light…The plastic MB Positive M bottle has many assets: in addition to its convenience, this reusable BPA-free* bottle enables to stay hydrated in all situations – at the office, at the gym, while taking a walk – and to take action on the environment by reducing one’s own personal use of disposable plastic water bottles. That’s one clever 50cl bottle! 

*In accordance with the regulations";Maison et jardin > Arts de la table et arts culinaires > Supports pour aliments et boissons > Sacs déjeuner et boites à  repas;Bouteilles réutilisables;https://us.monbento.com/en/to-go-bottle-reusable-bottle-bpa-free-monbento-mb-positive-m-pink-flamingo.html;https://www.monbento.com/media/resized/532/532//media/catalog/product/p/o/positive-m-flamingo-face.png;neuf;en stock;16,90 USD;;monbento;3760192686594;15010022;9,90 USD
4634;The 50cl bottle - MB Positive M blue Crystal;"Easy to slip in a bag, perfectly airtight and light…The plastic MB Positive M bottle has many assets: in addition to its convenience, this reusable BPA-free* bottle enables to stay hydrated in all situations – at the office, at the gym, while taking a walk – and to take action on the environment by reducing one’s own personal use of disposable plastic water bottles. That’s one clever 50cl bottle! 

*In accordance with the regulations";Maison et jardin > Arts de la table et arts culinaires > Supports pour aliments et boissons > Sacs déjeuner et boites à  repas;Bouteilles réutilisables;https://us.monbento.com/en/to-go-bottle-reusable-bottle-bpa-free-monbento-mb-positive-m-blue-crystal.html;https://www.monbento.com/media/resized/532/532//media/catalog/product/p/o/positive-m-crystal-face.png;neuf;en stock;16,90 USD;;monbento;3760192686600;15010018;9,90 USD
4324;The 50cl bottle - MB Positive M blue Denim;"Easy to slip in a bag, perfectly airtight and light…The plastic MB Positive M bottle has many assets: in addition to its convenience, this reusable BPA-free* bottle enables to stay hydrated in all situations – at the office, at the gym, while taking a walk – and to take action on the environment by reducing one’s own personal use of disposable plastic water bottles. That’s one clever 50cl bottle! 

*In accordance with the regulations";Maison et jardin > Arts de la table et arts culinaires > Supports pour aliments et boissons > Sacs déjeuner et boites à  repas;Bouteilles réutilisables;https://us.monbento.com/en/mb-positive-m-denim-bottle.html;https://www.monbento.com/media/resized/532/532//media/catalog/product/m/o/monbento-bottle-bouteille-bottiglia-bottella-flasche-mb-positive-m-denim.png;neuf;en stock;16,90 USD;;monbento;3760192684163;101101020;9,90 USD
4473;The 50cl bottle - MB Positive M pink Blush;"Easy to slip in a bag, perfectly airtight and light…The plastic MB Positive M bottle has many assets: in addition to its convenience, this reusable BPA-free* bottle enables to stay hydrated in all situations – at the office, at the gym, while taking a walk – and to take action on the environment by reducing one’s own personal use of disposable plastic water bottles. That’s one clever 50cl bottle! 

*In accordance with the regulations";Maison et jardin > Arts de la table et arts culinaires > Supports pour aliments et boissons > Sacs déjeuner et boites à  repas;Bouteilles réutilisables;https://us.monbento.com/en/mb-positive-m-pink-blush-bottle.html;https://www.monbento.com/media/resized/532/532//media/catalog/product/r/e/reusable-bottle-bpa-free-mb-positive-blush-monbento.png;neuf;en stock;16,90 USD;;monbento;3760192685450;101101026;9,90 USD
3396;The 50cl bottle -  MB Positive M green Matcha;"Easy to slip in a bag, perfectly airtight and light…The plastic MB Positive M bottle has many assets: in addition to its convenience, this reusable BPA-free* bottle enables to stay hydrated in all situations – at the office, at the gym, while taking a walk – and to take action on the environment by reducing one’s own personal use of disposable plastic water bottles. That’s one clever 50cl bottle! 

*In accordance with the regulations";Maison et jardin > Arts de la table et arts culinaires > Supports pour aliments et boissons > Sacs déjeuner et boites à  repas;Bouteilles réutilisables;https://us.monbento.com/en/mb-positive-m-matcha-bottle.html;https://www.monbento.com/media/wysiwyg/images-flux/monbento-bouteille-sans-bpa-reutilisable-mb-positive-m-vert-matcha.jpg;neuf;en stock;16,90 USD;;monbento;3760192683401;101101055;9,90 USD
3997;The 50cl bottle - MB Positive M black Onyx;"Easy to slip in a bag, perfectly airtight and light…The plastic MB Positive M bottle has many assets: in addition to its convenience, this reusable BPA-free* bottle enables to stay hydrated in all situations – at the office, at the gym, while taking a walk – and to take action on the environment by reducing one’s own personal use of disposable plastic water bottles. That’s one clever 50cl bottle! 

*In accordance with the regulations";Maison et jardin > Arts de la table et arts culinaires > Supports pour aliments et boissons > Sacs déjeuner et boites à  repas;Bouteilles réutilisables;https://us.monbento.com/en/mb-positive-m-black-bottle.html;https://www.monbento.com/media/resized/532/532//media/catalog/product/m/o/monbento-bouteille-sans-bpa-reutilisable-mb-positive-m-noir.png;neuf;en stock;16,90 USD;;monbento;3760192683395;101101002;9,90 USD
3995;The 50cl bottle - MB Positive M pink Litchi;"Easy to slip in a bag, perfectly airtight and light…The plastic MB Positive M bottle has many assets: in addition to its convenience, this reusable BPA-free* bottle enables to stay hydrated in all situations – at the office, at the gym, while taking a walk – and to take action on the environment by reducing one’s own personal use of disposable plastic water bottles. That’s one clever 50cl bottle! 

*In accordance with the regulations";Maison et jardin > Arts de la table et arts culinaires > Supports pour aliments et boissons > Sacs déjeuner et boites à  repas;Bouteilles réutilisables;https://us.monbento.com/en/mb-positive-m-litchi-bottle.html;https://www.monbento.com/media/wysiwyg/images-flux/monbento-bouteille-sans-bpa-reutilisable-mb-positive-m-rose-litchi.jpg;neuf;en stock;16,90 USD;;monbento;3760192683388;101101066;9,90 USD
4449;The 50cl bottle - MB Positive M grey Coton;"Easy to slip in a bag, perfectly airtight and light…The plastic MB Positive M bottle has many assets: in addition to its convenience, this reusable BPA-free* bottle enables to stay hydrated in all situations – at the office, at the gym, while taking a walk – and to take action on the environment by reducing one’s own personal use of disposable plastic water bottles. That’s one clever 50cl bottle! 

*In accordance with the regulations";Maison et jardin > Arts de la table et arts culinaires > Supports pour aliments et boissons > Sacs déjeuner et boites à  repas;Bouteilles réutilisables;https://us.monbento.com/en/mb-positive-m-coton-bottle.html;https://www.monbento.com/media/wysiwyg/images-flux/monbento-bouteille-reutilisable-reusable-bottle-mb-positive-m-coton.jpg;neuf;en stock;16,90 USD;;monbento;3760192684125;101101011;9,90 USD
4636;The 33cl small bottle bpa free - MB Positive S pink Blush;"Easy to slip in a bag, perfectly airtight and light… By monbento, we have chosen to always see the bottle half full with the MB Positive S to-go bottle. This little reusable and BPA-free* plastic bottle will quench your thirst throughout the day or while you are at the gym and will seduce you thanks to its convenient and ecological aspect. 

*In accordance with the regulations";Maison et jardin > Arts de la table et arts culinaires > Supports pour aliments et boissons > Sacs déjeuner et boites à  repas;Bouteilles réutilisables;https://us.monbento.com/en/small-to-go-bottle-reusable-bottle-bpa-free-monbento-mb-positive-s-pink-blush.html;https://www.monbento.com/media/resized/532/532//media/catalog/product/p/o/positive-s-blush-face.png;neuf;en stock;14,90 USD;;monbento;3760192686136;101101126;9,90 USD
4635;The 33cl reusable bottle - MB Positive S blue Infinity;"Easy to slip in a bag, perfectly airtight and light… By monbento, we have chosen to always see the bottle half full with the MB Positive S to-go bottle. This little reusable and BPA-free* plastic bottle will quench your thirst throughout the day or while you are at the gym and will seduce you thanks to its convenient and ecological aspect. 

*In accordance with the regulations";Maison et jardin > Arts de la table et arts culinaires > Supports pour aliments et boissons > Sacs déjeuner et boites à  repas;Bouteilles réutilisables;https://us.monbento.com/en/small-to-go-bottle-reusable-bottle-bpa-free-monbento-mb-positive-s-blue-infinity.html;https://www.monbento.com/media/resized/532/532//media/catalog/product/p/o/positive-s-infinity-face.png;neuf;en stock;14,90 USD;;monbento;3760192686617;32010027;9,90 USD
3998;The 33cl water bottle - MB Positive S pink Litchi;"Easy to slip in a bag, perfectly airtight and light… By monbento, we have chosen to always see the bottle half full with the MB Positive S to-go bottle. This little reusable and BPA-free* plastic bottle will quench your thirst throughout the day or while you are at the gym and will seduce you thanks to its convenient and ecological aspect. 

*In accordance with the regulations";Maison et jardin > Arts de la table et arts culinaires > Supports pour aliments et boissons > Sacs déjeuner et boites à  repas;Bouteilles réutilisables;https://us.monbento.com/en/mb-positive-s-litchi-bottle.html;https://www.monbento.com/media/wysiwyg/images-flux/monbento-little-reusable-bottle-mb-positive-s-pink-litchi.jpg;neuf;en stock;14,90 USD;;monbento;3760192683425;101101166;9,90 USD
4323;The 33cl reusable bottle - MB Positive S yellow Moutarde;"Easy to slip in a bag, perfectly airtight and light… By monbento, we have chosen to always see the bottle half full with the MB Positive S to-go bottle. This little reusable and BPA-free* plastic bottle will quench your thirst throughout the day or while you are at the gym and will seduce you thanks to its convenient and ecological aspect. 

*In accordance with the regulations";Maison et jardin > Arts de la table et arts culinaires > Supports pour aliments et boissons > Sacs déjeuner et boites à  repas;Bouteilles réutilisables;https://us.monbento.com/en/mb-positive-s-moutarde-bottle.html;https://www.monbento.com/media/resized/532/532//media/catalog/product/m/o/monbento-bottle-bouteille-bottiglia-bottella-flasche-mb-positive-s-moutarde.png;neuf;en stock;14,90 USD;;monbento;3760192684170;101101121;9,90 USD
3999;The 33cl small bottle bpa free - MB Positive S blue Iceberg;"Easy to slip in a bag, perfectly airtight and light… By monbento, we have chosen to always see the bottle half full with the MB Positive S to-go bottle. This little reusable and BPA-free* plastic bottle will quench your thirst throughout the day or while you are at the gym and will seduce you thanks to its convenient and ecological aspect. 

*In accordance with the regulations";Maison et jardin > Arts de la table et arts culinaires > Supports pour aliments et boissons > Sacs déjeuner et boites à  repas;Bouteilles réutilisables;https://us.monbento.com/en/mb-positive-s-iceberg-bottle.html;https://www.monbento.com/media/resized/532/532//media/catalog/product/m/o/monbento-little-reusable-bottle-mb-positive-s-blue-iceberg.png;neuf;en stock;14,90 USD;;monbento;3760192683432;101101119;9,90 USD
4474;The 33cl water bottle - MB Positive S green Apple;"Easy to slip in a bag, perfectly airtight and light… By monbento, we have chosen to always see the bottle half full with the MB Positive S to-go bottle. This little reusable and BPA-free* plastic bottle will quench your thirst throughout the day or while you are at the gym and will seduce you thanks to its convenient and ecological aspect. 

*In accordance with the regulations";Maison et jardin > Arts de la table et arts culinaires > Supports pour aliments et boissons > Sacs déjeuner et boites à  repas;Bouteilles réutilisables;https://us.monbento.com/en/mb-positive-s-green-apple-bottle.html;https://www.monbento.com/media/wysiwyg/images-flux/small-plastic-bottle-bpa-free-mb-positive-apple-monbento.jpg;neuf;en stock;14,90 USD;;monbento;3760192685467;101101255;9,90 USD
4681;The compact insulated bottle - MB Pop blue Infinity;With its attractive stainless steel design, the MB Pop compact insulated bottle keeps your drinks hot or cold up for to 12h. Its sports cap and safety button, together with its practical pouring spout, make it the ideal choice in any situation! Its compact, easy-to-carry size is ideal for all handbags or sports bags, while its 360 ml capacity is perfect for enjoying fresh juices and steaming coffees, teas and chocolates. With its deep Infinity blue colour, you’ll just love using this to-go bottle in your day-to-day life!;Maison et jardin > Arts de la table et arts culinaires > Supports pour aliments et boissons > Sacs déjeuner et boites à  repas;Bouteilles réutilisables;https://us.monbento.com/en/insulated-water-bottle-bottle-reusable-bottle-bpa-free-monbento-mb-pop-blue-infinity.html;https://www.monbento.com/media/resized/532/532//media/catalog/product/m/b/mbpop-infinity-face.png;neuf;en stock;24,90 USD;;monbento;3760192686891;36220027;9,90 USD
4682;The compact insulated bottle - MB Pop pink Flamingo;With its attractive stainless steel design, the MB Pop compact insulated bottle keeps your drinks hot or cold up for to 12h. Its sports cap and safety button, together with its practical pouring spout, make it the ideal choice in any situation! Its compact, easy-to-carry size is ideal for all handbags or sports bags, while its 360 ml capacity is perfect for enjoying fresh juices and steaming coffees, teas and chocolates. With its deep Infinity blue colour, you’ll just love using this to-go bottle in your day-to-day life!;Maison et jardin > Arts de la table et arts culinaires > Supports pour aliments et boissons > Sacs déjeuner et boites à  repas;Bouteilles réutilisables;https://us.monbento.com/en/insulated-water-bottle-bottle-reusable-bottle-bpa-free-monbento-mb-pop-pink-flamingo.html;https://www.monbento.com/media/resized/532/532//media/catalog/product/m/b/mbpop-flamingo-face.png;neuf;en stock;24,90 USD;;monbento;3760192686907;36220022;9,90 USD
4683;The compact insulated bottle - MB Pop pink Licorne;With its attractive stainless steel design, the MB Pop compact insulated bottle keeps your drinks hot or cold up for to 12h. Its sports cap and safety button, together with its practical pouring spout, make it the ideal choice in any situation! Its compact, easy-to-carry size is ideal for all handbags or sports bags, while its 360 ml capacity is perfect for enjoying fresh juices and steaming coffees, teas and chocolates. With its deep Infinity blue colour, you’ll just love using this to-go bottle in your day-to-day life!;Maison et jardin > Arts de la table et arts culinaires > Supports pour aliments et boissons > Sacs déjeuner et boites à  repas;Bouteilles réutilisables;https://us.monbento.com/en/insulated-water-bottle-unicorn-water-bottle-bpa-free-monbento-mb-pop-pink-unicorn.html;https://www.monbento.com/media/resized/532/532//media/catalog/product/m/b/mbpop-licorne-face.png;neuf;en stock;26,90 USD;;monbento;3760192686877;36224015;9,90 USD
4453;The thermo bottle - MB Steel graphic Jungle - nature - leaves;For all coffee, tea or only water at the right temperature desires, the MB Steel insulated bottle may be used at the office or when hiking. Made with stainless steel and equipped with a double wall, it keeps your drink warm or cold up to 12 hours and protect the hands from extreme temperatures. In addition, its integrated infuser facilitates the preparation of all infused drinks! A super handy insulated bottle which also got style!;Maison et jardin > Arts de la table et arts culinaires > Supports pour aliments et boissons > Sacs déjeuner et boites à  repas;Bouteilles réutilisables;https://us.monbento.com/en/insulated-bottle-monbento-mb-steel-jungle.html;https://www.monbento.com/media/resized/532/532//media/catalog/product/m/b/mb-steel-bottle-insulated-green-jungle.png;neuf;en stock;32,90 USD;;monbento;3760192685566;401101430;9,90 USD
3607;The insulated bottle - MB Steel black Onyx;For all coffee, tea or only water at the right temperature desires, the MB Steel insulated bottle may be used at the office or when hiking. Made with stainless steel and equipped with a double wall, it keeps your drink warm or cold up to 12 hours and protect the hands from extreme temperatures. In addition, its integrated infuser facilitates the preparation of all infused drinks! A super handy insulated bottle which also got style!;Maison et jardin > Arts de la table et arts culinaires > Supports pour aliments et boissons > Sacs déjeuner et boites à  repas;Bouteilles réutilisables;https://us.monbento.com/en/insulated-bottle-monbento-mb-steel-onyx.html;https://www.monbento.com/media/resized/532/532//media/catalog/product/m/o/monbento-bouteille-isotherme-mb-steel-onyx-noir.png;neuf;en stock;29,90 USD;;monbento;3760192682978;401101002;9,90 USD
4034;The thermo bottle - MB Steel metallic Cuivre;For all coffee, tea or only water at the right temperature desires, the MB Steel insulated bottle may be used at the office or when hiking. Made with stainless steel and equipped with a double wall, it keeps your drink warm or cold up to 12 hours and protect the hands from extreme temperatures. In addition, its integrated infuser facilitates the preparation of all infused drinks! A super handy insulated bottle which also got style!;Maison et jardin > Arts de la table et arts culinaires > Supports pour aliments et boissons > Sacs déjeuner et boites à  repas;Bouteilles réutilisables;https://us.monbento.com/en/insulated-bottle-monbento-mb-steel-cuivre.html;https://www.monbento.com/media/resized/532/532//media/catalog/product/m/o/monbento-bouteille-isotherme-insulated-bottle-mb-steel.png;neuf;en stock;29,90 USD;;monbento;3760192683579;401101111;9,90 USD
3606;The thermo bottle - MB Steel metallic Silver;For all coffee, tea or only water at the right temperature desires, the MB Steel insulated bottle may be used at the office or when hiking. Made with stainless steel and equipped with a double wall, it keeps your drink warm or cold up to 12 hours and protect the hands from extreme temperatures. In addition, its integrated infuser facilitates the preparation of all infused drinks! A super handy insulated bottle which also got style!;Maison et jardin > Arts de la table et arts culinaires > Supports pour aliments et boissons > Sacs déjeuner et boites à  repas;Bouteilles réutilisables;https://us.monbento.com/en/insulated-bottle-monbento-mb-steel-silver.html;https://www.monbento.com/media/wysiwyg/images-flux/monbento-steel-bouteille-bottle-insulated-silver.jpg;neuf;en stock;29,90 USD;;monbento;3760192682961;401101000;9,90 USD
4423;The thermo bottle - MB Steel graphic Blossom;For all coffee, tea or only water at the right temperature desires, the MB Steel insulated bottle may be used at the office or when hiking. Made with stainless steel and equipped with a double wall, it keeps your drink warm or cold up to 12 hours and protect the hands from extreme temperatures. In addition, its integrated infuser facilitates the preparation of all infused drinks! A super handy insulated bottle which also got style!;Maison et jardin > Arts de la table et arts culinaires > Supports pour aliments et boissons > Sacs déjeuner et boites à  repas;Bouteilles réutilisables;https://us.monbento.com/en/insulated-bottle-monbento-mb-steel-blossom.html;https://www.monbento.co.uk/media/resized/532/532//media/catalog/product/m/b/mb-steel-monbento-red-blossom-insulated.png;neuf;en stock;32,90 USD;;monbento;3760192685122;401101333;9,90 USD
4676;The smart insulated bottle - MB Genius black Onyx;Designed in stainless steel, the MB Genius insulated bottle will keep your drinks hot or cold for up to 12 hours (depending on the content and the conditions of use). Just shake to initiate the smart lid which will show the temperature of the bottle's contents (temperature in °C)! Whether in your bag or on your desk, the bottle shows the temperature of your favourite drinks before you enjoy them!;Maison et jardin > Arts de la table et arts culinaires > Supports pour aliments et boissons > Sacs déjeuner et boites à  repas;Bouteilles réutilisables;https://us.monbento.com/en/insulated-smart-bottle-temperature-display-monbento-mb-genius-black-onyx.html;https://www.monbento.com/media/resized/532/532//media/catalog/product/g/e/genius-onyx-face.png;neuf;en stock;39,90 USD;;monbento;3760192686785;34024002;9,90 USD
4675;The smart thermo bottle - MB Genius graphic Strawberry ;Designed in stainless steel, the MB Genius insulated bottle will keep your drinks hot or cold for up to 12 hours (depending on the content and the conditions of use). Just shake to initiate the smart lid which will show the temperature of the bottle's contents (temperature in °C)! Whether in your bag or on your desk, the bottle shows the temperature of your favourite drinks before you enjoy them!;Maison et jardin > Arts de la table et arts culinaires > Supports pour aliments et boissons > Sacs déjeuner et boites à  repas;Bouteilles réutilisables;https://us.monbento.com/en/insulated-smart-bottle-temperature-display-monbento-mb-genius-graphic-strawberry.html;https://www.monbento.com/media/resized/532/532//media/catalog/product/g/e/genius-strawberry-face.png;neuf;en stock;44,90 USD;;monbento;3760192686778;34024013;9,90 USD
3466;The nomad cutlery set for lunch box - MB Pocket black Onyx;A fork, a knife, a spoon: that’s the necessary cutlery set to be as comfortable as at home when having lunch outside. That’s why none of these accessories is missing in the monbento reusable cutlery set! Designed in stainless steel and equipped with a plastic stand, this set is also very reliable and fit easily in the monbento bento boxes. A reliable partner for a lunch without boundaries. ;Maison et jardin > Arts de la table et arts culinaires > Supports pour aliments et boissons > Sacs déjeuner et boites à  repas;Couverts Lunch box;https://us.monbento.com/en/mb-pocket-black-nomad-cutlery-set-for-bento-box.html;https://www.monbento.com/media/resized/532/532//media/catalog/product/m/o/monbento-mb-pocket-black-cutlery.png;neuf;en stock;17,90 USD;;monbento;3760192682305;100701002;9,90 USD
4330;The bento box cutlery set - MB Pocket grey Coton;A fork, a knife, a spoon: that’s the necessary cutlery set to be as comfortable as at home when having lunch outside. That’s why none of these accessories is missing in the monbento reusable cutlery set! Designed in stainless steel and equipped with a plastic stand, this set is also very reliable and fit easily in the monbento bento boxes. A reliable partner for a lunch without boundaries. ;Maison et jardin > Arts de la table et arts culinaires > Supports pour aliments et boissons > Sacs déjeuner et boites à  repas;Couverts Lunch box;https://us.monbento.com/en/mb-pocket-coton-nomad-cutlery-set.html;https://www.monbento.com/media/resized/532/532//media/catalog/product/m/o/monbento-mb-pocket-coton.png;neuf;en stock;17,90 USD;;monbento;3760192684231;100701011;9,90 USD
4477;The bento box cutlery set - MB Pocket pink Blush;A fork, a knife, a spoon: that’s the necessary cutlery set to be as comfortable as at home when having lunch outside. That’s why none of these accessories is missing in the monbento reusable cutlery set! Designed in stainless steel and equipped with a plastic stand, this set is also very reliable and fit easily in the monbento bento boxes. A reliable partner for a lunch without boundaries. ;Maison et jardin > Arts de la table et arts culinaires > Supports pour aliments et boissons > Sacs déjeuner et boites à  repas;Couverts Lunch box;https://us.monbento.com/en/mb-pocket-blush-nomad-cutlery-set.html;https://www.monbento.com/media/resized/532/532//media/catalog/product/m/o/monbento-cutlery-lunch-box-set-mb-pocket-blush.png;neuf;en stock;17,90 USD;;monbento;3760192685528;100701126;9,90 USD
3985;The nomad cutlery set for lunch box - MB Pocket pink Litchi;A fork, a knife, a spoon: that’s the necessary cutlery set to be as comfortable as at home when having lunch outside. That’s why none of these accessories is missing in the monbento reusable cutlery set! Designed in stainless steel and equipped with a plastic stand, this set is also very reliable and fit easily in the monbento bento boxes. A reliable partner for a lunch without boundaries. ;Maison et jardin > Arts de la table et arts culinaires > Supports pour aliments et boissons > Sacs déjeuner et boites à  repas;Couverts Lunch box;https://us.monbento.com/en/mb-pocket-litchi-nomad-cutlery-set.html;https://www.monbento.com/media/resized/532/532//media/catalog/product/m/o/monbento-couverts-bento-box-mb-pocket-rose-litchi.png;neuf;en stock;17,90 USD;;monbento;3760192683463;100701066;9,90 USD
4671;The biodegradable-plastic cutlery set for lunch box - MB Pocket Color blue Infinity;Taking action on the environment while possessing a colorful and original cutlery set? For these wishes there are the MB Pocket Color cutlery sets, which is 100% biodegradable thanks to PLA (a plant-based plastic). This set which is composed of a fork, a knife and a spoon can easily slip in a monbento lunch box so you can take them away where you want: lunches at the office, a picnic with the kids ...;Maison et jardin > Arts de la table et arts culinaires > Supports pour aliments et boissons > Sacs déjeuner et boites à  repas;Couverts Lunch box;https://us.monbento.com/en/biodegradable-plastic-bento-box-cutlery-set-monbento-mb-pocket-color-blue-infinity.html;https://www.monbento.com/media/resized/532/532//media/catalog/product/p/o/pocket-color-infinity-iso_2.png;neuf;en stock;9,90 USD;;monbento;3760192686747;24050028;9,90 USD
4672;The biodegradable-plastic cutlery set for lunch box - MB Pocket Color pink Blush;Taking action on the environment while possessing a colorful and original cutlery set? For these wishes there are the MB Pocket Color cutlery sets, which is 100% biodegradable thanks to PLA (a plant-based plastic). This set which is composed of a fork, a knife and a spoon can easily slip in a monbento lunch box so you can take them away where you want: lunches at the office, a picnic with the kids ...;Maison et jardin > Arts de la table et arts culinaires > Supports pour aliments et boissons > Sacs déjeuner et boites à  repas;Couverts Lunch box;https://us.monbento.com/en/biodegradable-plastic-bento-box-cutlery-set-monbento-mb-pocket-color-pink-blush.html;https://www.monbento.com/media/resized/532/532//media/catalog/product/p/o/pocket-color-blush-iso_1.png;neuf;en stock;9,90 USD;;monbento;3760192686730;24050029;9,90 USD
3626;The biodegradable-plastic cutlery set for lunch box - MB Pocket Color black Onyx;Taking action on the environment while possessing a colorful and original cutlery set? For these wishes there are the MB Pocket Color cutlery sets, which is 100% biodegradable thanks to PLA (a plant-based plastic). This set which is composed of a fork, a knife and a spoon can easily slip in a monbento lunch box so you can take them away where you want: lunches at the office, a picnic with the kids ...;Maison et jardin > Arts de la table et arts culinaires > Supports pour aliments et boissons > Sacs déjeuner et boites à  repas;Couverts Lunch box;https://us.monbento.com/en/mb-pocket-color-black-biodegradable-plastic-cutlery-set.html;https://www.monbento.com/media/resized/532/532//media/catalog/product/m/o/monbento-set-couverts-plastique-boite-bento-mb-pocket-color-noir.png;neuf;en stock;9,90 USD;;monbento;3760192682725;100702002;9,90 USD
4331;The biodegradable-plastic cutlery set for bento box -  MB Pocket Color yellow Moutarde;Taking action on the environment while possessing a colorful and original cutlery set? For these wishes there are the MB Pocket Color cutlery sets, which is 100% biodegradable thanks to PLA (a plant-based plastic). This set which is composed of a fork, a knife and a spoon can easily slip in a monbento lunch box so you can take them away where you want: lunches at the office, a picnic with the kids ...;Maison et jardin > Arts de la table et arts culinaires > Supports pour aliments et boissons > Sacs déjeuner et boites à  repas;Couverts Lunch box;https://us.monbento.com/en/mb-pocket-color-moutarde-biodegradable-plastic-cutlery-set.html;https://www.monbento.com/media/resized/532/532//media/catalog/product/m/o/monbento-mbpocket-color-iso-transparent-moutarde.png;neuf;en stock;9,90 USD;;monbento;3760192684248;100702021;9,90 USD
4146;The biodegradable-plastic cutlery set for bento box - MB Pocket Color pink Litchi;Taking action on the environment while possessing a colorful and original cutlery set? For these wishes there are the MB Pocket Color cutlery sets, which is 100% biodegradable thanks to PLA (a plant-based plastic). This set which is composed of a fork, a knife and a spoon can easily slip in a monbento lunch box so you can take them away where you want: lunches at the office, a picnic with the kids ...;Maison et jardin > Arts de la table et arts culinaires > Supports pour aliments et boissons > Sacs déjeuner et boites à  repas;Couverts Lunch box;https://us.monbento.com/en/mb-pocket-color-litchi-biodegradable-plastic-cutlery-set.html;https://www.monbento.com/media/resized/532/532//media/catalog/product/l/u/lunch-box-kids-cutlery-mb-pocket-color-monbento-litchi.png;neuf;en stock;9,90 USD;;monbento;3760192683913;100702066;9,90 USD
4145;The biodegradable-plastic cutlery set for lunch box - MB Pocket Color blue Iceberg;Taking action on the environment while possessing a colorful and original cutlery set? For these wishes there are the MB Pocket Color cutlery sets, which is 100% biodegradable thanks to PLA (a plant-based plastic). This set which is composed of a fork, a knife and a spoon can easily slip in a monbento lunch box so you can take them away where you want: lunches at the office, a picnic with the kids ...;Maison et jardin > Arts de la table et arts culinaires > Supports pour aliments et boissons > Sacs déjeuner et boites à  repas;Couverts Lunch box;https://us.monbento.com/en/mb-pocket-color-iceberg-biodegradable-plastic-cutlery-set.html;https://www.monbento.com/media/resized/532/532//media/catalog/product/l/u/lunch-box-kids-cutlery-mb-pocket-color-monbento-iceberg.png;neuf;en stock;9,90 USD;;monbento;3760192683920;100702119;9,90 USD
4478;The biodegradable-plastic cutlery set for lunch box - MB Pocket Color green Apple;Taking action on the environment while possessing a colorful and original cutlery set? For these wishes there are the MB Pocket Color cutlery sets, which is 100% biodegradable thanks to PLA (a plant-based plastic). This set which is composed of a fork, a knife and a spoon can easily slip in a monbento lunch box so you can take them away where you want: lunches at the office, a picnic with the kids ...;Maison et jardin > Arts de la table et arts culinaires > Supports pour aliments et boissons > Sacs déjeuner et boites à  repas;Couverts Lunch box;https://us.monbento.com/en/mb-pocket-color-apple-biodegradable-plastic-cutlery-set.html;https://www.monbento.com/media/resized/532/532//media/catalog/product/c/u/cutlery-set-plastic-reusable-mb-pocket-color-apple-monbento_1.png;neuf;en stock;9,90 USD;;monbento;3760192685535;100702255;9,90 USD
3630;The biodegradable-plastic cutlery set for bento box -  MB Pocket Color yellow;Taking action on the environment while possessing a colorful and original cutlery set? For these wishes there are the MB Pocket Color cutlery sets, which is 100% biodegradable thanks to PLA (a plant-based plastic). This set which is composed of a fork, a knife and a spoon can easily slip in a monbento lunch box so you can take them away where you want: lunches at the office, a picnic with the kids ...;Maison et jardin > Arts de la table et arts culinaires > Supports pour aliments et boissons > Sacs déjeuner et boites à  repas;Couverts Lunch box;https://us.monbento.com/en/mb-pocket-color-yellow-biodegradable-plastic-cutlery-set.html;https://www.monbento.com/media/resized/532/532//media/catalog/product/p/o/pocket-color-jaune-iso.png;neuf;en stock;9,90 USD;;monbento;3760192682763;100702011;9,90 USD
3628;The biodegradable-plastic cutlery set for bento box -  MB Pocket Color green;Taking action on the environment while possessing a colorful and original cutlery set? For these wishes there are the MB Pocket Color cutlery sets, which is 100% biodegradable thanks to PLA (a plant-based plastic). This set which is composed of a fork, a knife and a spoon can easily slip in a monbento lunch box so you can take them away where you want: lunches at the office, a picnic with the kids ...;Maison et jardin > Arts de la table et arts culinaires > Supports pour aliments et boissons > Sacs déjeuner et boites à  repas;Couverts Lunch box;https://us.monbento.com/en/mb-pocket-color-green-biodegradable-plastic-cutlery-set.html;https://www.monbento.com/media/resized/532/532//media/catalog/product/m/o/monbento-set-couverts-plastique-lunch-box-mb-pocket-color-vert.png;neuf;en stock;9,90 USD;;monbento;3760192682749;100702005;9,90 USD
3629;The biodegradable-plastic cutlery set for bento box - MB Pocket Color pink;Taking action on the environment while possessing a colorful and original cutlery set? For these wishes there are the MB Pocket Color cutlery sets, which is 100% biodegradable thanks to PLA (a plant-based plastic). This set which is composed of a fork, a knife and a spoon can easily slip in a monbento lunch box so you can take them away where you want: lunches at the office, a picnic with the kids ...;Maison et jardin > Arts de la table et arts culinaires > Supports pour aliments et boissons > Sacs déjeuner et boites à  repas;Couverts Lunch box;https://us.monbento.com/en/mb-pocket-color-pink-biodegradable-plastic-cutlery-set.html;https://www.monbento.com/media/resized/532/532//media/catalog/product/m/o/monbento-set-couverts-plastique-bento-mb-pocket-color-rose.png;neuf;en stock;9,90 USD;;monbento;3760192682756;100702006;9,90 USD
3529;The nomad chopsticks - MB Pair pink;One pair of chopsticks for bento box and a simple dish turns into a trip in Asia! A sweet escape you can enjoy wherever you want thanks to the nomad chopsticks! As they are retractable, they fit perfectly between the intermediary and top lids of the monbento™ bento boxes so all lunch become easy.;Maison et jardin > Arts de la table et arts culinaires > Supports pour aliments et boissons > Sacs déjeuner et boites à  repas;Couverts Lunch box;https://us.monbento.com/en/mb-pair-pink-chopsticks.html;https://www.monbento.com/media/resized/532/532//media/catalog/product/m/o/monbento-baguettes-bento-box-lunch-box-nomades-mb-pair-rose_2.png;neuf;en stock;9,90 USD;;monbento;3760192682558;100800006;9,90 USD
4673;The eco-designed insulated bag for bento box - MB E-zy - pink Blush;The outside temperature is not a constraint anymore for the outdoor meals! With the insulated MB E-zy lunch bag designed in ariaprene, the food is kept fresh or warm in the bento boxes and the lunch boxes no matter how the weather is. An insulated bag that is both fashionable and convenient, that’s what we like! ;Maison et jardin > Arts de la table et arts culinaires > Supports pour aliments et boissons > Sacs déjeuner et boites à  repas;Sacs Bento;https://us.monbento.com/en/insulated-lunch-bag-monbento-mb-e-zy-pink-blush.html;https://www.monbento.com/media/catalog/product/cache/1/image/85e4522595efc69f496374d01ef2bf13/e/-/e-zy-face-blush.png;neuf;en stock;49,00 USD;;monbento;3760192686686;21040026;9,90 USD
4500;The eco-designed insulated bag for bento box - MB E-zy blue Navy;The outside temperature is not a constraint anymore for the outdoor meals! With the insulated MB E-zy lunch bag designed in ariaprene, the food is kept fresh or warm in the bento boxes and the lunch boxes no matter how the weather is. An insulated bag that is both fashionable and convenient, that’s what we like! ;Maison et jardin > Arts de la table et arts culinaires > Supports pour aliments et boissons > Sacs déjeuner et boites à  repas;Sacs Bento;https://us.monbento.com/en/insulated-bento-box-bag-mb-e-zy-blue-navy.html;https://www.monbento.com/media/resized/532/532//media/catalog/product/i/n/insulated-bag-bento-box-monbento-mb-e-zy-navy.png;neuf;en stock;49,00 USD;;monbento;3760192685412;100204009;9,90 USD
4670;The bento bag - MB Pochette graphic Strawberry;The MB Pochette lunchbag is THE answer to protect and carry your bento boxes and lunch boxes wherever you want. This esthetic, easy to care for and reliable bento bag is a product of daily use can accommodate a MB Original lunch box as well as a MB Square or a MB Tresor bento box! The biggest challenge is to choose your favorite design among all the different colors and patterns. ;Maison et jardin > Arts de la table et arts culinaires > Supports pour aliments et boissons > Sacs déjeuner et boites à  repas;Sacs Bento;https://us.monbento.com/en/lunch-bag-for-bento-box-and-lunch-box-monbento-mb-pochette-graphic-strawberry.html;https://www.monbento.com/media/resized/532/532//media/catalog/product/p/o/pochette-strawberry.png;neuf;en stock;10,90 USD;;monbento;3760192686815;22184013;9,90 USD
4668;The bento bag - MB Pochette pink Flamingo;The MB Pochette lunchbag is THE answer to protect and carry your bento boxes and lunch boxes wherever you want. This esthetic, easy to care for and reliable bento bag is a product of daily use can accommodate a MB Original lunch box as well as a MB Square or a MB Tresor bento box! The biggest challenge is to choose your favorite design among all the different colors and patterns. ;Maison et jardin > Arts de la table et arts culinaires > Supports pour aliments et boissons > Sacs déjeuner et boites à  repas;Sacs Bento;https://us.monbento.com/en/bento-box-bag-monbento-mb-pochette-pink-flamingo.html;https://www.monbento.com/media/resized/532/532//media/catalog/product/p/o/pochette-flamingo.png;neuf;en stock;9,90 USD;;monbento;3760192686624;22180022;9,90 USD
4669;The lunch box bag - MB Pochette blue Crystal;The MB Pochette lunchbag is THE answer to protect and carry your bento boxes and lunch boxes wherever you want. This esthetic, easy to care for and reliable bento bag is a product of daily use can accommodate a MB Original lunch box as well as a MB Square or a MB Tresor bento box! The biggest challenge is to choose your favorite design among all the different colors and patterns. ;Maison et jardin > Arts de la table et arts culinaires > Supports pour aliments et boissons > Sacs déjeuner et boites à  repas;Sacs Bento;https://us.monbento.com/en/lunch-box-bag-monbento-mb-pochette-blue-crystal.html;https://www.monbento.com/media/resized/532/532//media/catalog/product/p/o/pochette-crystal.png;neuf;en stock;9,90 USD;;monbento;3760192686631;22180018;9,90 USD
3278;The lunch box bag - MB Pochette black Onyx;The MB Pochette lunchbag is THE answer to protect and carry your bento boxes and lunch boxes wherever you want. This esthetic, easy to care for and reliable bento bag is a product of daily use can accommodate a MB Original lunch box as well as a MB Square or a MB Tresor bento box! The biggest challenge is to choose your favorite design among all the different colors and patterns. ;Maison et jardin > Arts de la table et arts culinaires > Supports pour aliments et boissons > Sacs déjeuner et boites à  repas;Sacs Bento;https://us.monbento.com/en/mb-pochette-black-white-bento-bag.html;https://www.monbento.com/media/resized/532/532//media/catalog/product/b/e/bento-box-lunch-bag-monbento-mb-pochette-black_2.png;neuf;en stock;9,90 USD;;monbento;3760192680646;100202001;9,90 USD
4456;The bento bag - MB Pochette grey Coton;The MB Pochette lunchbag is THE answer to protect and carry your bento boxes and lunch boxes wherever you want. This esthetic, easy to care for and reliable bento bag is a product of daily use can accommodate a MB Original lunch box as well as a MB Square or a MB Tresor bento box! The biggest challenge is to choose your favorite design among all the different colors and patterns. ;Maison et jardin > Arts de la table et arts culinaires > Supports pour aliments et boissons > Sacs déjeuner et boites à  repas;Sacs Bento;https://us.monbento.com/en/bento-box-bag-mb-pochette-coton.html;https://www.monbento.com/media/resized/532/532//media/catalog/product/b/e/bento-box-lunch-bag-monbento-mb-pochette-grey-coton_3.png;neuf;en stock;9,90 USD;;monbento;3760192683494;100202210;9,90 USD
4481;The lunch bag - MB Pochette pink Blush;The MB Pochette lunchbag is THE answer to protect and carry your bento boxes and lunch boxes wherever you want. This esthetic, easy to care for and reliable bento bag is a product of daily use can accommodate a MB Original lunch box as well as a MB Square or a MB Tresor bento box! The biggest challenge is to choose your favorite design among all the different colors and patterns. ;Maison et jardin > Arts de la table et arts culinaires > Supports pour aliments et boissons > Sacs déjeuner et boites à  repas;Sacs Bento;https://us.monbento.com/en/bento-box-bag-mb-pochette-pink-blush.html;https://www.monbento.com/media/resized/532/532//media/catalog/product/b/e/bento-box-lunch-bag-monbento-mb-pochette-pink-blush_1_2.png;neuf;en stock;9,90 USD;;monbento;3760192685597;100202126;9,90 USD
4227;The lunch box bag -MB Pochette blue Denim;The MB Pochette lunchbag is THE answer to protect and carry your bento boxes and lunch boxes wherever you want. This esthetic, easy to care for and reliable bento bag is a product of daily use can accommodate a MB Original lunch box as well as a MB Square or a MB Tresor bento box! The biggest challenge is to choose your favorite design among all the different colors and patterns. ;Maison et jardin > Arts de la table et arts culinaires > Supports pour aliments et boissons > Sacs déjeuner et boites à  repas;Sacs Bento;https://us.monbento.com/en/bento-box-bag-mb-pochette-denim.html;https://www.monbento.com/media/resized/532/532//media/catalog/product/b/e/bento-box-lunch-bag-monbento-mb-pochette-denim_4.png;neuf;en stock;9,90 USD;;monbento;3760192684279;100202021;9,90 USD
4336;The bento bag - MB Pochette Jungle - nature - leaves;The MB Pochette lunchbag is THE answer to protect and carry your bento boxes and lunch boxes wherever you want. This esthetic, easy to care for and reliable bento bag is a product of daily use can accommodate a MB Original lunch box as well as a MB Square or a MB Tresor bento box! The biggest challenge is to choose your favorite design among all the different colors and patterns. ;Maison et jardin > Arts de la table et arts culinaires > Supports pour aliments et boissons > Sacs déjeuner et boites à  repas;Sacs Bento;https://us.monbento.com/en/bento-box-bag-mb-pochette-jungle.html;https://www.monbento.com/media/resized/532/532//media/catalog/product/m/b/mb-pochette-jungle-bento-lunch-bag_2.png;neuf;en stock;10,90 USD;;monbento;3760192684293;100202430;9,90 USD
4457;The lunch bag - MB Pochette graphic Blossom - japanese flowers;The MB Pochette lunchbag is THE answer to protect and carry your bento boxes and lunch boxes wherever you want. This esthetic, easy to care for and reliable bento bag is a product of daily use can accommodate a MB Original lunch box as well as a MB Square or a MB Tresor bento box! The biggest challenge is to choose your favorite design among all the different colors and patterns. ;Maison et jardin > Arts de la table et arts culinaires > Supports pour aliments et boissons > Sacs déjeuner et boites à  repas;Sacs Bento;https://us.monbento.com/en/bento-box-bag-mb-pochette-blossom.html;https://www.monbento.com/media/resized/532/532//media/catalog/product/b/e/bento-box-lunch-bag-monbento-mb-pochette-japanese-flowers-blossom_2.png;neuf;en stock;10,90 USD;;monbento;3760192685603;100212333;9,90 USD
3986;The lunch bag - MB Pochette pink Litchi;The MB Pochette lunchbag is THE answer to protect and carry your bento boxes and lunch boxes wherever you want. This esthetic, easy to care for and reliable bento bag is a product of daily use can accommodate a MB Original lunch box as well as a MB Square or a MB Tresor bento box! The biggest challenge is to choose your favorite design among all the different colors and patterns. ;Maison et jardin > Arts de la table et arts culinaires > Supports pour aliments et boissons > Sacs déjeuner et boites à  repas;Sacs Bento;https://us.monbento.com/en/bento-box-bag-mb-pochette-litchi.html;https://www.monbento.com/media/resized/532/532//media/catalog/product/b/e/bento-box-lunch-bag-monbento-mb-pochette-litchi_1_2.png;neuf;en stock;9,90 USD;;monbento;3760192683487;100202266;9,90 USD
4482;The lunch box bag -MB Pochette graphic English Garden - nature;The MB Pochette lunchbag is THE answer to protect and carry your bento boxes and lunch boxes wherever you want. This esthetic, easy to care for and reliable bento bag is a product of daily use can accommodate a MB Original lunch box as well as a MB Square or a MB Tresor bento box! The biggest challenge is to choose your favorite design among all the different colors and patterns. ;Maison et jardin > Arts de la table et arts culinaires > Supports pour aliments et boissons > Sacs déjeuner et boites à  repas;Sacs Bento;https://us.monbento.com/en/bento-box-bag-mb-pochette-green-english-garden.html;https://www.monbento.com/media/resized/532/532//media/catalog/product/b/e/bento-box-lunch-bag-monbento-mb-pochette-green-english-garden_2.png;neuf;en stock;10,90 USD;;monbento;3760192685504;100202432;9,90 USD
4640;The sauce containers for lunch box - MB Temple S pink Flamingo / pink Blush;Big or small, the MB Temple sauce cups invite themselves every day when lunch boxes addicts having lunch in order to satisfy every wish of accompaniment. An indispensable bento accessory to carry without risk vinaigrettes, seasonings or other sauces in addition to a lunch box. Available in 2 sizes, these sauce cups slip perfectly in a transport bag or directly in the monbento bento boxes.;Maison et jardin > Arts de la table et arts culinaires > Supports pour aliments et boissons > Sacs déjeuner et boites à  repas;Accessoires bento;https://us.monbento.com/en/bento-box-accessory-sauce-cup-monbento-mb-temple-s-pink-flamingo-blush.html;https://www.monbento.com/media/resized/532/532//media/catalog/product/t/e/temple-s-flamingo-blush-face.png;neuf;en stock;5,90 USD;;monbento;3760192686679;20010022;9,90 USD
4641;The sauce containers for lunch box - MB Temple S grey Coton / black Onyx;Big or small, the MB Temple sauce cups invite themselves every day when lunch boxes addicts having lunch in order to satisfy every wish of accompaniment. An indispensable bento accessory to carry without risk vinaigrettes, seasonings or other sauces in addition to a lunch box. Available in 2 sizes, these sauce cups slip perfectly in a transport bag or directly in the monbento bento boxes.;Maison et jardin > Arts de la table et arts culinaires > Supports pour aliments et boissons > Sacs déjeuner et boites à  repas;Accessoires bento;https://us.monbento.com/en/bento-box-accessory-sauce-cup-monbento-mb-temple-s-grey-coton-black-onyx.html;https://www.monbento.com/media/resized/532/532//media/catalog/product/t/e/temple-s-coton-black-face.png;neuf;en stock;5,90 USD;;monbento;3760192686662;20010002;9,90 USD
3488;The sauce container for bento box - MB Temple M black Onyx;Big or small, the MB Temple sauce cups invite themselves every day when lunch boxes addicts having lunch in order to satisfy every wish of accompaniment. An indispensable bento accessory to carry without risk vinaigrettes, seasonings or other sauces in addition to a lunch box. Available in 2 sizes, these sauce cups slip perfectly in a transport bag or directly in the monbento bento boxes.;Maison et jardin > Arts de la table et arts culinaires > Supports pour aliments et boissons > Sacs déjeuner et boites à  repas;Accessoires bento;https://us.monbento.com/en/mb-temple-m-black-sauce-cup.html;https://www.monbento.com/media/resized/532/532//media/catalog/product/m/o/monbento-accessoire-sauce-bento-box-mb-temple-m-noir.png;neuf;en stock;5,90 USD;;monbento;3760192682244;100502002;9,90 USD
4451;The sauce container for bento box - MB Temple M grey Coton;Big or small, the MB Temple sauce cups invite themselves every day when lunch boxes addicts having lunch in order to satisfy every wish of accompaniment. An indispensable bento accessory to carry without risk vinaigrettes, seasonings or other sauces in addition to a lunch box. Available in 2 sizes, these sauce cups slip perfectly in a transport bag or directly in the monbento bento boxes.;Maison et jardin > Arts de la table et arts culinaires > Supports pour aliments et boissons > Sacs déjeuner et boites à  repas;Accessoires bento;https://us.monbento.com/en/mb-temple-m-coton-sauce-cup.html;https://www.monbento.com/media/wysiwyg/images-flux/monbento-sauce-cup-temple-grey-coton.jpg;neuf;en stock;5,90 USD;;monbento;3760192684217;100502011;9,90 USD
4452;The sauce cup for lunch box - MB Temple M blue Denim;Big or small, the MB Temple sauce cups invite themselves every day when lunch boxes addicts having lunch in order to satisfy every wish of accompaniment. An indispensable bento accessory to carry without risk vinaigrettes, seasonings or other sauces in addition to a lunch box. Available in 2 sizes, these sauce cups slip perfectly in a transport bag or directly in the monbento bento boxes.;Maison et jardin > Arts de la table et arts culinaires > Supports pour aliments et boissons > Sacs déjeuner et boites à  repas;Accessoires bento;https://us.monbento.com/en/mb-temple-m-denim-sauce-cup.html;https://www.monbento.com/media/resized/532/532//media/catalog/product/m/o/monbento-sauce-cup-temple-blue-denim.png;neuf;en stock;5,90 USD;;monbento;3760192685511;100502020;9,90 USD
4476;The sauce cup for lunch box - MB Temple M pink Blush;Big or small, the MB Temple sauce cups invite themselves every day when lunch boxes addicts having lunch in order to satisfy every wish of accompaniment. An indispensable bento accessory to carry without risk vinaigrettes, seasonings or other sauces in addition to a lunch box. Available in 2 sizes, these sauce cups slip perfectly in a transport bag or directly in the monbento bento boxes.;Maison et jardin > Arts de la table et arts culinaires > Supports pour aliments et boissons > Sacs déjeuner et boites à  repas;Accessoires bento;https://us.monbento.com/en/mb-temple-m-pink-blush-sauce-cup.html;https://www.monbento.com/media/resized/532/532//media/catalog/product/m/o/monbento-sauce-cup-temple-pink-blush.png;neuf;en stock;5,90 USD;;monbento;3760192685498;100502126;9,90 USD
4033;The sauce cup for bento box - MB Temple M pink Litchi;Big or small, the MB Temple sauce cups invite themselves every day when lunch boxes addicts having lunch in order to satisfy every wish of accompaniment. An indispensable bento accessory to carry without risk vinaigrettes, seasonings or other sauces in addition to a lunch box. Available in 2 sizes, these sauce cups slip perfectly in a transport bag or directly in the monbento bento boxes.;Maison et jardin > Arts de la table et arts culinaires > Supports pour aliments et boissons > Sacs déjeuner et boites à  repas;Accessoires bento;https://us.monbento.com/en/mb-temple-m-litchi-sauce-cup.html;https://www.monbento.com/media/wysiwyg/images-flux/monbento-accessoire-sauce-bento-box-mb-temple-m-rose-litchi.jpg;neuf;en stock;5,90 USD;;monbento;3760192683456;100502066;9,90 USD
3851;The sauce cup for bento box - MB Temple M pink;Big or small, the MB Temple sauce cups invite themselves every day when lunch boxes addicts having lunch in order to satisfy every wish of accompaniment. An indispensable bento accessory to carry without risk vinaigrettes, seasonings or other sauces in addition to a lunch box. Available in 2 sizes, these sauce cups slip perfectly in a transport bag or directly in the monbento bento boxes.;Maison et jardin > Arts de la table et arts culinaires > Supports pour aliments et boissons > Sacs déjeuner et boites à  repas;Accessoires bento;https://us.monbento.com/en/mb-temple-m-pink-sauce-cup.html;https://www.monbento.com/media/resized/532/532//media/catalog/product/m/o/monbento-accessoire-sauce-bento-box-mb-temple-m-rose_1.png;neuf;en stock;5,90 USD;;monbento;3760192683098;100502006;9,90 USD
3374;The square egg moulds - MB Kawaii fushia;For the lovers of hard-boiled eggs, there’s the MB Kawaii! These Japan-inspired eggs molds enable to make square eggs that fit perfectly in a bento box and more precisely in the MB Original lunch box. ;Maison et jardin > Arts de la table et arts culinaires > Supports pour aliments et boissons > Sacs déjeuner et boites à  repas;Accessoires bento;https://us.monbento.com/en/mb-kawaii-fuchsia-square-egg-molds.html;https://www.monbento.com/media/resized/532/532//media/catalog/product/m/o/monbento-moules-a-_ufs-bento-mb-kawaii-fushia.png;neuf;en stock;6,90 USD;;monbento;3760192681728;100901003;9,90 USD
3443;The 3 silicone moulds suitable for MB Original – MB Silicase grey + black;Nothing tastier (and healthier) than a homemade meal! With the silicon molds set specially designed for the MB Original bento box, cakes, quiches and other recipes back directly at the right size so you can easily carry them everywhere!  On a daily basis, the two little molds can serve to separate the food in the lunch box. What a clever bento accessory!;Maison et jardin > Arts de la table et arts culinaires > Supports pour aliments et boissons > Sacs déjeuner et boites à  repas;Accessoires bento;https://us.monbento.com/en/mb-silicase-grey-black-silicone-molds-suitable-mb-original.html;https://www.monbento.co.uk/media/resized/532/532//media/catalog/product/s/i/silicase-gris-dessus.png;neuf;en stock;11,90 USD;;monbento;3760192682220;100900001;9,90 USD
4729;Pack Mother's day Flamingo : bento box + carry bag + cutlery set;"The Flamingo pack in a delicate and fun shade of pink includes a lunch box with a cutlery set and a carry bag - the ideal Mother's Day gift that won't go unnoticed!
This pack is made up of:
- 1 x bento box MB Original pink Flamingo
- 1 x carry bag MB Pochette pink Flamingo
- 1 x cutlery set MB Pocket grey Coton";Maison et jardin > Arts de la table et arts culinaires > Supports pour aliments et boissons > Sacs déjeuner et boites à  repas;Pack bento;https://us.monbento.com/en/mothers-day-gift-idea-lunch-box-set-pink-flamingo.html;https://us.monbento.com/en/media/resized/532/532//media/catalog/product/p/a/pack-flamingo.png;neuf;en stock;67,70 USD;54,1;monbento;aucun EAN;aucun MPN;9,90 USD
4740;Pack Mother's day Blossom : bento box + insulated bottle;"Mother's Day is the perfect opportunity to transport those you love to the heart of Japan's most beautiful gardens! The Blossom pack with its flowery design lunchbox and insulated drinking bottle makes this the perfect gift!
This pack is made up of:
- 1 x bento box MB Square graphic Blossom
- 1 x insulated bottle MB Steel graphic Blossom";Maison et jardin > Arts de la table et arts culinaires > Supports pour aliments et boissons > Sacs déjeuner et boites à  repas;Pack bento;https://us.monbento.com/en/mothers-day-gift-idea-lunch-box-set-pink-blossom.html;https://us.monbento.com/en/media/resized/532/532//media/catalog/product/p/a/pack-blossom.png;neuf;en stock;67,80 USD;54,2;monbento;aucun EAN;aucun MPN;9,90 USD
